path,model,dataset,ctx,test,rows,eps,cons,iters,loss_old,loss_new,loss_pct,acc_old,acc_new,acc_pct,bacc_old,bacc_new,bacc_pct,mcc_old,mcc_new,mcc_pct,auc_old,auc_new,auc_pct,cells_moved,cells_total,pct_ctx,run
deployed,TabPFNv2/simple/ne1,lcld_v2,5000,1000,1,0.5,full,100,0.44870463013648987,0.44891393184661865,0.04664576562651413,0.802,0.802,0.0,0.5185313955914053,0.5185313955914053,0.0,0.10280826148961943,0.10280826148961943,0.0,0.7243142783091326,0.7243774930305769,0.008727526618940428,13,28,0.02,lcld_v2/abl_rows001_full_it100
optimiser,TabPFNv2/simple/ne1,lcld_v2,5000,1000,1,0.5,full,100,0.44993922114372253,0.45136716961860657,0.3173647478995632,0.804,0.803,-0.12437810945273642,0.52552,0.52298,-0.48333079616379715,0.13004,0.11946,-8.135958166717927,0.72244,0.72191,-0.07336249377109788,13,28,0.02,lcld_v2/abl_rows001_full_it100
deployed,TabPFNv2/simple/ne1,lcld_v2,5000,1000,1,0.5,none,100,0.44870463013648987,0.4505934715270996,0.4209542901385219,0.802,0.807,0.6234413965087288,0.5185313955914053,0.5235601266823018,0.9698026259646356,0.10280826148961943,0.14096344543798764,37.11295512201687,0.7243142783091326,0.7196490318665411,-0.6440914644789716,28,28,0.02,lcld_v2/abl_rows001_none_it100
optimiser,TabPFNv2/simple/ne1,lcld_v2,5000,1000,1,0.5,none,100,0.44993922114372253,0.45126041769981384,0.2936388947673631,0.804,0.803,-0.12437810945273642,0.52552,0.52298,-0.48333079616379715,0.13004,0.11946,-8.135958166717927,0.72244,0.72217,-0.03737334588339412,28,28,0.02,lcld_v2/abl_rows001_none_it100
deployed,TabPFNv2/simple/ne1,lcld_v2,5000,1000,2,0.5,full,100,0.44870463013648987,0.449043333530426,0.07548471114129762,0.802,0.801,-0.12468827930174574,0.5185313955914053,0.5179087305851787,-0.12008241188874741,0.10280826148961943,0.09711915982069638,-5.533700878209553,0.7243142783091326,0.7242953138926993,-0.0026182579856928578,26,56,0.04,lcld_v2/abl_rows002_full_it100
optimiser,TabPFNv2/simple/ne1,lcld_v2,5000,1000,2,0.5,full,100,0.44993922114372253,0.4517437815666199,0.40106759715461976,0.804,0.804,0.0,0.52552,0.52361,-0.3634495356979691,0.13004,0.12527,-3.6681021224238672,0.72244,0.72163,-0.11212003765018236,26,56,0.04,lcld_v2/abl_rows002_full_it100
deployed,TabPFNv2/simple/ne1,lcld_v2,5000,1000,2,0.5,none,100,0.44870463013648987,0.4515632390975952,0.6370803350604599,0.802,0.803,0.12468827930174574,0.5185313955914053,0.5229848727171584,0.8588635449303519,0.10280826148961943,0.1194627354039863,16.199548239660178,0.7243142783091326,0.7217098317856262,-0.35957409670100166,56,56,0.04,lcld_v2/abl_rows002_none_it100
optimiser,TabPFNv2/simple/ne1,lcld_v2,5000,1000,2,0.5,none,100,0.44993922114372253,0.45156317949295044,0.36092838163783236,0.804,0.803,-0.12437810945273642,0.52552,0.52298,-0.48333079616379715,0.13004,0.11946,-8.135958166717927,0.72244,0.72171,-0.10104645368473623,56,56,0.04,lcld_v2/abl_rows002_none_it100
deployed,TabPFNv2/simple/ne1,lcld_v2,5000,1000,4,0.5,full,100,0.44870463013648987,0.44903939962387085,0.07460798594370402,0.802,0.802,0.0,0.5185313955914053,0.5185313955914053,0.0,0.10280826148961943,0.10280826148961943,0.0,0.7243142783091326,0.7240108476461999,-0.04189212777097843,49,112,0.08,lcld_v2/abl_rows004_full_it100
optimiser,TabPFNv2/simple/ne1,lcld_v2,5000,1000,4,0.5,full,100,0.44993922114372253,0.45219558477401733,0.501481872275824,0.804,0.803,-0.12437810945273642,0.52552,0.52298,-0.48333079616379715,0.13004,0.11946,-8.135958166717927,0.72244,0.72133,-0.15364597752061684,49,112,0.08,lcld_v2/abl_rows004_full_it100
deployed,TabPFNv2/simple/ne1,lcld_v2,5000,1000,4,0.5,none,100,0.44870463013648987,0.4527110755443573,0.8928914788886234,0.802,0.802,0.0,0.5185313955914053,0.5204468016511685,0.3693905665207915,0.10280826148961943,0.10850133094698662,5.5375602844349485,0.7243142783091326,0.7205846097439171,-0.5149240705184202,112,112,0.08,lcld_v2/abl_rows004_none_it100
optimiser,TabPFNv2/simple/ne1,lcld_v2,5000,1000,4,0.5,none,100,0.44993922114372253,0.4527110755443573,0.6160508509546808,0.804,0.802,-0.24875621890547284,0.52552,0.52045,-0.9647587151773518,0.13004,0.1085,-16.56413411258074,0.72244,0.72058,-0.2574608271967185,112,112,0.08,lcld_v2/abl_rows004_none_it100
deployed,TabPFNv2/simple/ne1,lcld_v2,5000,1000,8,0.5,full,100,0.44870463013648987,0.44961151480674744,0.20211172547555534,0.802,0.802,0.0,0.5185313955914053,0.5166159895316421,-0.36939056652077007,0.10280826148961943,0.09681347015481255,-5.831040470820695,0.7243142783091326,0.7219563691992591,-0.32553674288707113,98,224,0.16,lcld_v2/abl_rows008_full_it100
optimiser,TabPFNv2/simple/ne1,lcld_v2,5000,1000,8,0.5,full,100,0.4499392509460449,0.4546040892601013,1.0367706983216245,0.804,0.805,0.12437810945273642,0.52552,0.52423,-0.24547115238240474,0.13004,0.1314,1.0458320516764075,0.72244,0.71787,-0.6325784840263501,98,224,0.16,lcld_v2/abl_rows008_full_it100
deployed,TabPFNv2/simple/ne1,lcld_v2,5000,1000,8,0.5,none,100,0.44870463013648987,0.4562828242778778,1.6889048234431536,0.802,0.805,0.3740648379052372,0.5185313955914053,0.5242302027296116,1.0990283687078681,0.10280826148961943,0.1314005434496044,27.811268808267837,0.7243142783091326,0.7165641534600578,-1.0699947634840339,224,224,0.16,lcld_v2/abl_rows008_none_it100
optimiser,TabPFNv2/simple/ne1,lcld_v2,5000,1000,8,0.5,none,100,0.4499392509460449,0.4562828540802002,1.4098799161925029,0.804,0.805,0.12437810945273642,0.52552,0.52423,-0.24547115238240474,0.13004,0.1314,1.0458320516764075,0.72244,0.71656,-0.8139084214606053,224,224,0.16,lcld_v2/abl_rows008_none_it100
deployed,TabPFNv2/simple/ne1,lcld_v2,5000,1000,16,0.5,full,100,0.44870463013648987,0.45004400610923767,0.2984983623503913,0.802,0.801,-0.12468827930174574,0.5185313955914053,0.5140779184656522,-0.8588635449303303,0.10280826148961943,0.08423010276104065,-18.070686595993667,0.7243142783091326,0.7221460133635921,-0.29935416303020385,203,448,0.32,lcld_v2/abl_rows016_full_it100
optimiser,TabPFNv2/simple/ne1,lcld_v2,5000,1000,16,0.5,full,100,0.44993916153907776,0.45769771933555603,1.72435708195283,0.804,0.804,0.0,0.52552,0.52361,-0.3634495356979691,0.13004,0.12527,-3.6681021224238672,0.72244,0.71448,-1.1018216045623122,203,448,0.32,lcld_v2/abl_rows016_full_it100
deployed,TabPFNv2/simple/ne1,lcld_v2,5000,1000,16,0.5,none,100,0.44870463013648987,0.45968642830848694,2.447444807658115,0.802,0.807,0.6234413965087288,0.5185313955914053,0.5254755327420649,1.3391931924854057,0.10280826148961943,0.14474918275510146,40.795283042225954,0.7243142783091326,0.7098950003476808,-1.9907488217839275,448,448,0.32,lcld_v2/abl_rows016_none_it100
optimiser,TabPFNv2/simple/ne1,lcld_v2,5000,1000,16,0.5,none,100,0.44993916153907776,0.45968642830848694,2.1663521654944047,0.804,0.807,0.37313432835820926,0.52552,0.52548,-0.007611508601012331,0.13004,0.14475,11.311904029529376,0.72244,0.7099,-1.7357842865843525,448,448,0.32,lcld_v2/abl_rows016_none_it100
deployed,TabPFNv2/simple/ne1,lcld_v2,5000,1000,32,0.5,full,100,0.44870463013648987,0.4504859745502472,0.39699710992852105,0.802,0.801,-0.12468827930174574,0.5185313955914053,0.5159933245254155,-0.4894729784095389,0.10280826148961943,0.09087231572466668,-11.60990915711372,0.7243142783091326,0.7220006195042702,-0.3194274742537929,405,896,0.64,lcld_v2/abl_rows032_full_it100
optimiser,TabPFNv2/simple/ne1,lcld_v2,5000,1000,32,0.5,full,100,0.44993922114372253,0.45867276191711426,1.9410490046170032,0.804,0.804,0.0,0.52552,0.52361,-0.3634495356979691,0.13004,0.12527,-3.6681021224238672,0.72244,0.71254,-1.370356015724492,405,896,0.64,lcld_v2/abl_rows032_full_it100
deployed,TabPFNv2/simple/ne1,lcld_v2,5000,1000,32,0.5,none,100,0.44870463013648987,0.4854580760002136,8.191011056102509,0.802,0.803,0.12468827930174574,0.5185313955914053,0.5172386545378688,-0.24930815463200126,0.10280826148961943,0.10314121698668964,0.3238606433431741,0.7243142783091326,0.6964302646800388,-3.849711991621565,896,896,0.64,lcld_v2/abl_rows032_none_it100
optimiser,TabPFNv2/simple/ne1,lcld_v2,5000,1000,32,0.5,none,100,0.44993922114372253,0.48545822501182556,7.89417819096,0.804,0.803,-0.12437810945273642,0.52552,0.51724,-1.575582280407968,0.13004,0.10314,-20.685942786834815,0.72244,0.69643,-3.600298986767064,896,896,0.64,lcld_v2/abl_rows032_none_it100
deployed,TabPFNv2/simple/ne1,lcld_v2,5000,1000,64,0.5,full,100,0.44870463013648987,0.4528987407684326,0.9347152559283726,0.802,0.801,-0.12468827930174574,0.5185313955914053,0.5140779184656522,-0.8588635449303303,0.10280826148961943,0.08423010276104065,-18.070686595993667,0.7243142783091326,0.720085213444507,-0.5838715308081585,797,1792,1.28,lcld_v2/abl_rows064_full_it100
optimiser,TabPFNv2/simple/ne1,lcld_v2,5000,1000,64,0.5,full,100,0.44993922114372253,0.4692131578922272,4.283675626123741,0.804,0.8,-0.4975124378109457,0.52552,0.51346,-2.2948698432029153,0.13004,0.0784,-39.71085819747769,0.72244,0.7118,-1.4727866674049033,797,1792,1.28,lcld_v2/abl_rows064_full_it100
deployed,TabPFNv2/simple/ne1,lcld_v2,5000,1000,64,0.5,none,100,0.44870463013648987,0.5216336846351624,16.25324313602212,0.802,0.803,0.12468827930174574,0.5185313955914053,0.5306464969562111,2.3364258110134535,0.10280826148961943,0.13851252723824506,34.72898503612056,0.7243142783091326,0.6757084789905872,-6.710595217315436,1792,1792,1.28,lcld_v2/abl_rows064_none_it100
optimiser,TabPFNv2/simple/ne1,lcld_v2,5000,1000,64,0.5,none,100,0.44993922114372253,0.5216337442398071,15.934268391593154,0.804,0.803,-0.12437810945273642,0.52552,0.53065,0.9761759780788491,0.13004,0.13851,6.5133804983082175,0.72244,0.67571,-6.4683572338187165,1792,1792,1.28,lcld_v2/abl_rows064_none_it100
deployed,TabPFNv2/simple/ne1,lcld_v2,5000,1000,128,0.5,full,100,0.44870463013648987,0.4572749733924866,1.9100189033907946,0.802,0.798,-0.49875311720698295,0.5185313955914053,0.5179561416262619,-0.11093908103428382,0.10280826148961943,0.08812428398457743,-14.282876971443233,0.7243142783091326,0.7113236530523228,-1.7935067201954997,1604,3584,2.56,lcld_v2/abl_rows128_full_it100
optimiser,TabPFNv2/simple/ne1,lcld_v2,5000,1000,128,0.5,full,100,0.44993922114372253,0.46745070815086365,3.8919672222901145,0.804,0.802,-0.24875621890547284,0.52552,0.52428,-0.2359567666311499,0.13004,0.11915,-8.37434635496769,0.72244,0.70918,-1.8354465422733983,1604,3584,2.56,lcld_v2/abl_rows128_full_it100
deployed,TabPFNv2/simple/ne1,lcld_v2,5000,1000,128,0.5,none,100,0.44870463013648987,0.5507509112358093,22.74241767201697,0.802,0.802,0.0,0.5185313955914053,0.5223622077109318,0.738781133041583,0.10280826148961943,0.11393659759342702,10.824359776700652,0.7243142783091326,0.6861389080289018,-5.270553325187644,3584,3584,2.56,lcld_v2/abl_rows128_none_it100
optimiser,TabPFNv2/simple/ne1,lcld_v2,5000,1000,128,0.5,none,100,0.44993922114372253,0.5507503747940063,22.405504768850115,0.804,0.802,-0.24875621890547284,0.52552,0.52236,-0.6013091794793616,0.13004,0.11394,-12.380805905875109,0.72244,0.68614,-5.024638724323127,3584,3584,2.56,lcld_v2/abl_rows128_none_it100
deployed,TabPFNv2/simple/ne1,lcld_v2,5000,1000,1,0.5,full,10,0.44870463013648987,0.44853904843330383,-0.036902160589621605,0.802,0.804,0.24937655860349148,0.5185313955914053,0.5197767256038586,0.24016482377753764,0.10280826148961943,0.11522957632845009,12.082020120615349,0.7243142783091326,0.7251992844093532,0.12218537266538058,13,28,0.02,lcld_v2/p1_full
optimiser,TabPFNv2/simple/ne1,lcld_v2,5000,1000,1,0.5,full,10,0.44993922114372253,0.45075422525405884,0.18113648956065773,0.804,0.804,0.0,0.52552,0.52361,-0.3634495356979691,0.13004,0.12527,-3.6681021224238672,0.72244,0.72155,-0.12319362161562848,13,28,0.02,lcld_v2/p1_full
deployed,TabPFNv2/simple/ne1,lcld_v2,5000,1000,1,0.5,none,10,0.44870463013648987,0.45023760199546814,0.3416438690440886,0.802,0.807,0.6234413965087288,0.5185313955914053,0.5235601266823018,0.9698026259646356,0.10280826148961943,0.14096344543798764,37.11295512201687,0.7243142783091326,0.7204265729403062,-0.536742887065825,28,28,0.02,lcld_v2/p1_none
optimiser,TabPFNv2/simple/ne1,lcld_v2,5000,1000,1,0.5,none,10,0.44993922114372253,0.4509696066379547,0.22900548469924234,0.804,0.803,-0.12437810945273642,0.52552,0.52298,-0.48333079616379715,0.13004,0.11946,-8.135958166717927,0.72244,0.72249,0.0069209899784057494,28,28,0.02,lcld_v2/p1_none
deployed,TabPFNv2/simple/ne1,lcld_v2,5000,1000,1,5.0,none,10,0.44870463013648987,0.44921693205833435,0.11417353141389407,0.802,0.809,0.8728179551122203,0.5185313955914053,0.5267208627545182,1.5793580162629433,0.10280826148961943,0.15987455966363665,55.50750236135373,0.7243142783091326,0.7220764771700035,-0.3089544423110368,28,28,0.02,lcld_v2/p1_none_eps5
optimiser,TabPFNv2/simple/ne1,lcld_v2,5000,1000,1,5.0,none,10,0.44993922114372253,0.45055532455444336,0.13693036342880305,0.804,0.81,0.7462686567164185,0.52552,0.53117,1.075125589891925,0.13004,0.17295,32.997539218701945,0.72244,0.72101,-0.19794031338241672,28,28,0.02,lcld_v2/p1_none_eps5
deployed,TabPFNv2/simple/ne1,lcld_v2,5000,1000,1,50.0,none,10,0.44870463013648987,0.45066723227500916,0.437392887593402,0.802,0.807,0.6234413965087288,0.5185313955914053,0.5235601266823018,0.9698026259646356,0.10280826148961943,0.14096344543798764,37.11295512201687,0.7243142783091326,0.7191622785114197,-0.7112934194449401,28,28,0.02,lcld_v2/p1_none_eps50
optimiser,TabPFNv2/simple/ne1,lcld_v2,5000,1000,1,50.0,none,10,0.44993922114372253,0.45215821266174316,0.4931758365896769,0.804,0.803,-0.12437810945273642,0.52552,0.52107,-0.8467803318617663,0.13004,0.11426,-12.134727776068894,0.72244,0.7167,-0.7945296495210631,28,28,0.02,lcld_v2/p1_none_eps50
deployed,TabPFNv2/simple/ne1,lcld_v2,5000,1000,1,50.0,none,100,0.44870463013648987,0.45445069670677185,1.280589988236606,0.802,0.804,0.24937655860349148,0.5185313955914053,0.5178613195440954,-0.12922574274323242,0.10280826148961943,0.1099089862044093,6.906764701499044,0.7243142783091326,0.7144907105966838,-1.3562576365857888,28,28,0.02,lcld_v2/p2_none_eps50_it100
optimiser,TabPFNv2/simple/ne1,lcld_v2,5000,1000,1,50.0,none,100,0.44993922114372253,0.4576750099658966,1.7192963979690616,0.804,0.806,0.24875621890547284,0.52552,0.52294,-0.4909423047648095,0.13004,0.13365,2.7760689018763474,0.72244,0.71212,-1.4284923315431033,28,28,0.02,lcld_v2/p2_none_eps50_it100
deployed,TabPFNv2/simple/ne1,url_unique,5000,1000,1,0.5,full,100,0.08312133699655533,0.08342006802558899,0.35939151104612377,0.974,0.975,0.10266940451745389,0.9741213750720183,0.9751056270405223,0.10103997239883664,0.9481213673030194,0.9500915194403343,0.20779535249997422,0.994978714550925,0.9949867165994494,0.0008042431870484594,31,63,0.02,url_unique/abl_rows001_full_it100
optimiser,TabPFNv2/simple/ne1,url_unique,5000,1000,1,0.5,full,100,0.0834294781088829,0.08406294882297516,0.7592888370529166,0.972,0.971,-0.10288065843621409,0.97206,0.97107,-0.10184556508857955,0.94402,0.94204,-0.20974131903984894,0.99475,0.99453,-0.022116109575269965,31,63,0.02,url_unique/abl_rows001_full_it100
deployed,TabPFNv2/simple/ne1,url_unique,5000,1000,1,0.5,none,100,0.08312133699655533,0.08004932850599289,-3.6958121723784925,0.974,0.974,0.0,0.9741213750720183,0.9740893668779207,-0.003285852760934256,0.9481213673030194,0.9480649436593338,-0.0059510992612825985,0.994978714550925,0.9950347288905961,0.0056297023093950065,62,63,0.02,url_unique/abl_rows001_none_it100
optimiser,TabPFNv2/simple/ne1,url_unique,5000,1000,1,0.5,none,100,0.0834294781088829,0.08813182264566422,5.6363106223010675,0.972,0.969,-0.30864197530864224,0.97206,0.96917,-0.2973067506121082,0.94402,0.93823,-0.6133344632528932,0.99475,0.99417,-0.0583061070620784,62,63,0.02,url_unique/abl_rows001_none_it100
deployed,TabPFNv2/simple/ne1,url_unique,5000,1000,2,0.5,full,100,0.08312133699655533,0.08377303183078766,0.7840283346974286,0.974,0.973,-0.10266940451745389,0.9741213750720183,0.9731051149094168,-0.10432582515977089,0.9481213673030194,0.9460909993409612,-0.2141464196544511,0.994978714550925,0.9949026950899429,-0.007640310277032891,64,126,0.04,url_unique/abl_rows002_full_it100
optimiser,TabPFNv2/simple/ne1,url_unique,5000,1000,2,0.5,full,100,0.0834295004606247,0.0870230495929718,4.307288324281787,0.972,0.971,-0.10288065843621409,0.97206,0.9711,-0.09875933584347384,0.94402,0.94209,-0.2044448210842977,0.99475,0.99425,-0.05026388539834691,64,126,0.04,url_unique/abl_rows002_full_it100
deployed,TabPFNv2/simple/ne1,url_unique,5000,1000,2,0.5,none,100,0.08312133699655533,0.09273661673069,11.567763562962353,0.974,0.969,-0.5133470225872695,0.9741213750720183,0.969168107035401,-0.5084857147551174,0.9481213673030194,0.9382329876933416,-1.0429444953662232,0.994978714550925,0.9935343447922669,-0.1451658952634018,124,126,0.04,url_unique/abl_rows002_none_it100
optimiser,TabPFNv2/simple/ne1,url_unique,5000,1000,2,0.5,none,100,0.0834295004606247,0.09273680299520493,11.1558890838294,0.972,0.969,-0.30864197530864224,0.97206,0.96917,-0.2973067506121082,0.94402,0.93823,-0.6133344632528932,0.99475,0.99353,-0.12264388037195263,124,126,0.04,url_unique/abl_rows002_none_it100
deployed,TabPFNv2/simple/ne1,url_unique,5000,1000,4,0.5,full,100,0.08312133699655533,0.08316010236740112,0.04663708771599905,0.974,0.974,0.0,0.9741213750720183,0.9741213750720183,0.0,0.9481213673030194,0.9481213673030194,0.0,0.994978714550925,0.9949307022597785,-0.004825459122324231,117,252,0.08,url_unique/abl_rows004_full_it100
optimiser,TabPFNv2/simple/ne1,url_unique,5000,1000,4,0.5,full,100,0.0834297314286232,0.08774435520172119,5.171566178166701,0.972,0.968,-0.41152263374485637,0.97206,0.96812,-0.4053247741908992,0.94402,0.93612,-0.8368466769771846,0.99475,0.99418,-0.05730082935411615,117,252,0.08,url_unique/abl_rows004_full_it100
deployed,TabPFNv2/simple/ne1,url_unique,5000,1000,4,0.5,none,100,0.08312133699655533,0.09693777561187744,16.622012006248994,0.974,0.972,-0.20533880903490778,0.9741213750720183,0.9722168875232059,-0.19550823927579336,0.9481213673030194,0.9443808776566168,-0.39451591066264324,0.994978714550925,0.9933582997247296,-0.16285924537861293,248,252,0.08,url_unique/abl_rows004_none_it100
optimiser,TabPFNv2/simple/ne1,url_unique,5000,1000,4,0.5,none,100,0.0834297314286232,0.09693797677755356,16.191164849292477,0.972,0.972,0.0,0.97206,0.97222,0.01645988930723803,0.94402,0.94438,0.03813478527997574,0.99475,0.99336,-0.13973360140738902,248,252,0.08,url_unique/abl_rows004_none_it100
deployed,TabPFNv2/simple/ne1,url_unique,5000,1000,8,0.5,full,100,0.08312133699655533,0.08381391316652298,0.833211056261466,0.974,0.972,-0.20533880903490778,0.9741213750720183,0.9721208629409128,-0.20536579755860754,0.9481213673030194,0.9441208552046944,-0.42194092827005336,0.994978714550925,0.995018724793547,0.004021215935264613,228,504,0.16,url_unique/abl_rows008_full_it100
optimiser,TabPFNv2/simple/ne1,url_unique,5000,1000,8,0.5,full,100,0.0834294781088829,0.0888325572013855,6.476223050863503,0.972,0.969,-0.30864197530864224,0.97206,0.96914,-0.3003929798572139,0.94402,0.93815,-0.6218088599817728,0.99475,0.9941,-0.06534305101784764,228,504,0.16,url_unique/abl_rows008_full_it100
deployed,TabPFNv2/simple/ne1,url_unique,5000,1000,8,0.5,none,100,0.08312133699655533,0.10477764904499054,26.053854318215166,0.974,0.964,-1.026694045174539,0.9741213750720183,0.9642148389987837,-1.0169714295102348,0.9481213673030194,0.9283776769913857,-2.08240115585578,0.994978714550925,0.9924300620958966,-0.25615145507698184,496,504,0.16,url_unique/abl_rows008_none_it100
optimiser,TabPFNv2/simple/ne1,url_unique,5000,1000,8,0.5,none,100,0.0834294781088829,0.10477745532989502,25.588050776430727,0.972,0.964,-0.8230452674897127,0.97206,0.96421,-0.8075633191366812,0.94402,0.92838,-1.6567445604965985,0.99475,0.99243,-0.23322442824830247,496,504,0.16,url_unique/abl_rows008_none_it100
deployed,TabPFNv2/simple/ne1,url_unique,5000,1000,16,0.5,full,100,0.08312133699655533,0.08524847775697708,2.5590790972357733,0.974,0.971,-0.3080082135523617,0.9741213750720183,0.9711046027783112,-0.3096916227183784,0.9481213673030194,0.9420904792415881,-0.6360881918088764,0.994978714550925,0.9947946674348633,-0.01849759330225962,459,1008,0.32,url_unique/abl_rows016_full_it100
optimiser,TabPFNv2/simple/ne1,url_unique,5000,1000,16,0.5,full,100,0.08342960476875305,0.08788046985864639,5.334874955035537,0.972,0.972,0.0,0.97206,0.97209,0.003086229245105702,0.94402,0.94406,0.004237198364445669,0.99475,0.99421,-0.05428499623020708,459,1008,0.32,url_unique/abl_rows016_full_it100
deployed,TabPFNv2/simple/ne1,url_unique,5000,1000,16,0.5,none,100,0.08312133699655533,0.10968540608882904,31.958183123756257,0.974,0.963,-1.1293634496919926,0.9741213750720183,0.9632625952243774,-1.1147255491481374,0.9481213673030194,0.9265567019792791,-2.274462539018835,0.994978714550925,0.992362044683439,-0.26298752216694393,992,1008,0.32,url_unique/abl_rows016_none_it100
optimiser,TabPFNv2/simple/ne1,url_unique,5000,1000,16,0.5,none,100,0.08342960476875305,0.10968568921089172,31.470944294791124,0.972,0.963,-0.9259259259259267,0.97206,0.96326,-0.9052939118984455,0.94402,0.92656,-1.8495370860786762,0.99475,0.99236,-0.24026137220407168,992,1008,0.32,url_unique/abl_rows016_none_it100
deployed,TabPFNv2/simple/ne1,url_unique,5000,1000,32,0.5,full,100,0.08312133699655533,0.08523321896791458,2.540721850331609,0.974,0.973,-0.10266940451745389,0.9741213750720183,0.9730731067153191,-0.10761167792070515,0.9481213673030194,0.9460421278750604,-0.21930097766634798,0.994978714550925,0.9946626336342103,-0.03176760588867636,979,2016,0.64,url_unique/abl_rows032_full_it100
optimiser,TabPFNv2/simple/ne1,url_unique,5000,1000,32,0.5,full,100,0.08342952281236649,0.08828279376029968,5.817210484169055,0.972,0.971,-0.10288065843621409,0.97206,0.97114,-0.09464436351665863,0.94402,0.94215,-0.19808902353762922,0.99475,0.99405,-0.07036943955768121,979,2016,0.64,url_unique/abl_rows032_full_it100
deployed,TabPFNv2/simple/ne1,url_unique,5000,1000,32,0.5,none,100,0.08312133699655533,0.5126874446868896,516.7940305244804,0.974,0.757,-22.279260780287473,0.9741213750720183,0.7606667306830549,-21.912530599503825,0.9481213673030194,0.5837066726568199,-38.435447951436444,0.994978714550925,0.979722809039114,-1.5332896361201673,1984,2016,0.64,url_unique/abl_rows032_none_it100
optimiser,TabPFNv2/simple/ne1,url_unique,5000,1000,32,0.5,none,100,0.08342952281236649,0.5126880407333374,514.5163288136933,0.972,0.757,-22.119341563786005,0.97206,0.76067,-21.74660000411498,0.94402,0.58371,-38.167623567297305,0.99475,0.97972,-1.5109323950741378,1984,2016,0.64,url_unique/abl_rows032_none_it100
deployed,TabPFNv2/simple/ne1,url_unique,5000,1000,64,0.5,full,100,0.08312133699655533,0.08554381132125854,2.9143832525258917,0.974,0.974,0.0,0.9741213750720183,0.9741213750720183,0.0,0.9481213673030194,0.9481213673030194,0.0,0.994978714550925,0.9945466039306061,-0.04342913210097386,1938,4032,1.28,url_unique/abl_rows064_full_it100
optimiser,TabPFNv2/simple/ne1,url_unique,5000,1000,64,0.5,full,100,0.08342953026294708,0.08875787258148193,6.386638282322066,0.972,0.973,0.10288065843621409,0.97206,0.9732,0.11727671131410806,0.94402,0.94633,0.2446982055464963,0.99475,0.99417,-0.0583061070620784,1938,4032,1.28,url_unique/abl_rows064_full_it100
deployed,TabPFNv2/simple/ne1,url_unique,5000,1000,64,0.5,none,100,0.08312133699655533,1.415406584739685,1602.8198004061721,0.974,0.497,-48.97330595482546,0.9741213750720183,0.5049212598425197,-48.16649415939671,0.9481213673030194,0.06976284078801147,-92.64199255560969,0.994978714550925,0.9755137315152679,-1.9563215525110491,3968,4032,1.28,url_unique/abl_rows064_none_it100
optimiser,TabPFNv2/simple/ne1,url_unique,5000,1000,64,0.5,none,100,0.08342953026294708,1.4154002666473389,1596.5219175828797,0.972,0.497,-48.86831275720164,0.97206,0.50492,-48.056704318663456,0.94402,0.06976,-92.61032605241414,0.99475,0.97551,-1.9341543101281764,3968,4032,1.28,url_unique/abl_rows064_none_it100
deployed,TabPFNv2/simple/ne1,url_unique,5000,1000,128,0.5,full,100,0.08312133699655533,0.08900102227926254,7.073617310740414,0.974,0.97,-0.41067761806981556,0.9741213750720183,0.970152359003905,-0.40744574235628084,0.9481213673030194,0.9401918728650119,-0.8363374892144199,0.994978714550925,0.9945145957365085,-0.04664610484919002,3942,8064,2.56,url_unique/abl_rows128_full_it100
optimiser,TabPFNv2/simple/ne1,url_unique,5000,1000,128,0.5,full,100,0.08342944830656052,0.08997419476509094,7.844647892770228,0.972,0.969,-0.30864197530864224,0.97206,0.96923,-0.29113429212188535,0.94402,0.93844,-0.5910891718395711,0.99475,0.99418,-0.05730082935411615,3942,8064,2.56,url_unique/abl_rows128_full_it100
deployed,TabPFNv2/simple/ne1,url_unique,5000,1000,128,0.5,none,100,0.08312133699655533,1.3867818117141724,1568.3824657099087,0.974,0.498,-48.87063655030801,0.9741213750720183,0.5059055118110236,-48.065454186997876,0.9481213673030194,0.07645979481654112,-91.93565323456058,0.994978714550925,0.9813272197682607,-1.3720388771156624,7936,8064,2.56,url_unique/abl_rows128_none_it100
optimiser,TabPFNv2/simple/ne1,url_unique,5000,1000,128,0.5,none,100,0.08342944830656052,1.3867855072021484,1562.2254316082992,0.972,0.498,-48.76543209876543,0.97206,0.50591,-47.95485875357489,0.94402,0.07646,-91.90059532637021,0.99475,0.98133,-1.349082684091479,7936,8064,2.56,url_unique/abl_rows128_none_it100
deployed,TabPFNv2/simple/ne1,url_unique,5000,1000,1,0.5,full,10,0.08312133699655533,0.08343621343374252,0.3788154143866138,0.974,0.974,0.0,0.9741213750720183,0.9741213750720183,0.0,0.9481213673030194,0.9481213673030194,0.0,0.994978714550925,0.9949507073810895,-0.0028148511546975032,32,63,0.02,url_unique/p1_full
optimiser,TabPFNv2/simple/ne1,url_unique,5000,1000,1,0.5,full,10,0.0834294781088829,0.08454079926013947,1.3320485474045374,0.972,0.97,-0.20576131687242818,0.97206,0.97006,-0.20574861634055527,0.94402,0.94002,-0.42371983644414357,0.99475,0.99459,-0.01608444332747414,32,63,0.02,url_unique/p1_full
deployed,TabPFNv2/simple/ne1,url_unique,5000,1000,1,0.5,none,10,0.08312133699655533,0.08072545379400253,-2.8823925229355787,0.974,0.976,0.20533880903490778,0.9741213750720183,0.9760578708149286,0.198794092036739,0.9481213673030194,0.9520243282801549,0.4116520428431721,0.994978714550925,0.9949827155751872,0.00040212159352980876,62,63,0.02,url_unique/p1_none
optimiser,TabPFNv2/simple/ne1,url_unique,5000,1000,1,0.5,none,10,0.0834294781088829,0.08568298816680908,2.701095714616777,0.972,0.971,-0.10288065843621409,0.97206,0.9711,-0.09875933584347384,0.94402,0.94209,-0.2044448210842977,0.99475,0.99452,-0.023121387283243377,62,63,0.02,url_unique/p1_none
deployed,TabPFNv2/simple/ne1,url_unique,5000,1000,1,5.0,none,10,0.08312133699655533,0.08134441822767258,-2.1377408413875605,0.974,0.975,0.10266940451745389,0.9741213750720183,0.9751056270405223,0.10103997239883664,0.9481213673030194,0.9500915194403343,0.20779535249997422,0.994978714550925,0.9946266244158505,-0.03538670023041117,62,63,0.02,url_unique/p1_none_eps5
optimiser,TabPFNv2/simple/ne1,url_unique,5000,1000,1,5.0,none,10,0.0834294781088829,0.08958631008863449,7.379684158777036,0.972,0.973,0.10288065843621409,0.97206,0.97311,0.10801802357879096,0.94402,0.94609,0.2192750153598458,0.99475,0.99398,-0.07740638351345046,62,63,0.02,url_unique/p1_none_eps5
deployed,TabPFNv2/simple/ne1,url_unique,5000,1000,1,50.0,none,10,0.08312133699655533,0.08457457274198532,1.7483305706334065,0.974,0.974,0.0,0.9741213750720183,0.9741853914602138,0.006571705521879909,0.9481213673030194,0.9482797291270326,0.016702695401080898,0.994978714550925,0.9950507329876448,0.007238188683491924,62,63,0.02,url_unique/p1_none_eps50
optimiser,TabPFNv2/simple/ne1,url_unique,5000,1000,1,50.0,none,10,0.0834294781088829,0.09956265985965729,19.337507696882803,0.972,0.975,0.30864197530864224,0.97206,0.97507,0.30965166759253104,0.94402,0.95004,0.6376983538484381,0.99475,0.99275,-0.20105554159336533,62,63,0.02,url_unique/p1_none_eps50
deployed,TabPFNv2/simple/ne1,url_unique,5000,1000,1,50.0,none,100,0.08312133699655533,0.09587128460407257,15.338958765840857,0.974,0.971,-0.3080082135523617,0.9741213750720183,0.9712006273606043,-0.29983406443556426,0.9481213673030194,0.9423277372042936,-0.6110641842411043,0.994978714550925,0.994694641828308,-0.028550633140449047,62,63,0.02,url_unique/p2_none_eps50_it100
optimiser,TabPFNv2/simple/ne1,url_unique,5000,1000,1,50.0,none,100,0.0834294781088829,0.165469691157341,98.33480312724515,0.972,0.938,-3.497942386831279,0.97206,0.93869,-3.432915663642163,0.94402,0.87955,-6.829304463888468,0.99475,0.98899,-0.5790399597888904,62,63,0.02,url_unique/p2_none_eps50_it100
deployed,TabPFNv2/simple/ne1,wids,5000,1000,1,0.5,full,100,0.21170996129512787,0.21289950609207153,0.5618747411159438,0.929,0.929,0.0,0.6606227106227106,0.6606227106227106,0.0,0.46363654973446233,0.46363654973446233,0.0,0.8761416361416361,0.8762148962148963,0.008361670104262399,93,108,0.02,wids/abl_rows001_full_it100
optimiser,TabPFNv2/simple/ne1,wids,5000,1000,1,0.5,full,100,0.2107923924922943,0.2130381315946579,1.0653795783667483,0.926,0.927,0.1079913606911448,0.64896,0.65452,0.8567554240631178,0.43509,0.44601,2.5098255533338025,0.8759,0.87355,-0.268295467519119,93,108,0.02,wids/abl_rows001_full_it100
deployed,TabPFNv2/simple/ne1,wids,5000,1000,1,0.5,none,100,0.21170996129512787,0.21198530495166779,0.13005701519924348,0.929,0.928,-0.10764262648008621,0.6606227106227106,0.6600732600732601,-0.08317161075686137,0.46363654973446233,0.4567550279289409,-1.4842492054309933,0.8761416361416361,0.8769597069597069,0.09337198283070626,106,108,0.02,wids/abl_rows001_none_it100
optimiser,TabPFNv2/simple/ne1,wids,5000,1000,1,0.5,none,100,0.2107923924922943,0.21263356506824493,0.8734530474186483,0.926,0.927,0.1079913606911448,0.64896,0.65452,0.8567554240631178,0.43509,0.44601,2.5098255533338025,0.8759,0.87368,-0.25345359059253336,106,108,0.02,wids/abl_rows001_none_it100
deployed,TabPFNv2/simple/ne1,wids,5000,1000,2,0.5,full,100,0.21170996129512787,0.21420468389987946,1.17836807937152,0.929,0.928,-0.10764262648008621,0.6606227106227106,0.6600732600732601,-0.08317161075686137,0.46363654973446233,0.4567550279289409,-1.4842492054309933,0.8761416361416361,0.8761538461538462,0.001393611684047957,180,216,0.04,wids/abl_rows002_full_it100
optimiser,TabPFNv2/simple/ne1,wids,5000,1000,2,0.5,full,100,0.2107924222946167,0.21484903991222382,1.9244608385102828,0.926,0.927,0.1079913606911448,0.64896,0.65452,0.8567554240631178,0.43509,0.44601,2.5098255533338025,0.8759,0.87133,-0.5217490581116524,180,216,0.04,wids/abl_rows002_full_it100
deployed,TabPFNv2/simple/ne1,wids,5000,1000,2,0.5,none,100,0.21170996129512787,0.21563036739826202,1.8517815974039273,0.929,0.927,-0.21528525296017242,0.6606227106227106,0.6545177045177045,-0.9241290084095707,0.46363654973446233,0.446014483990089,-3.800836183960478,0.8761416361416361,0.8711233211233212,-0.5727744021405679,212,216,0.04,wids/abl_rows002_none_it100
optimiser,TabPFNv2/simple/ne1,wids,5000,1000,2,0.5,none,100,0.2107924222946167,0.2156304121017456,2.295144082725625,0.926,0.927,0.1079913606911448,0.64896,0.65452,0.8567554240631178,0.43509,0.44601,2.5098255533338025,0.8759,0.87112,-0.5457243977623024,212,216,0.04,wids/abl_rows002_none_it100
deployed,TabPFNv2/simple/ne1,wids,5000,1000,4,0.5,full,100,0.21170996129512787,0.21571019291877747,1.8894867294757072,0.929,0.93,0.10764262648008621,0.6606227106227106,0.6661782661782663,0.8409573976527261,0.46363654973446233,0.47417512815506374,2.2730258058035213,0.8761416361416361,0.8741880341880343,-0.222977869446444,360,432,0.08,wids/abl_rows004_full_it100
optimiser,TabPFNv2/simple/ne1,wids,5000,1000,4,0.5,full,100,0.21079236268997192,0.21780015528202057,3.3245002345533403,0.926,0.925,-0.1079913606911448,0.64896,0.64841,-0.08475098619328456,0.43509,0.42839,-1.5399112827231112,0.8759,0.86934,-0.7489439433725322,360,432,0.08,wids/abl_rows004_full_it100
deployed,TabPFNv2/simple/ne1,wids,5000,1000,4,0.5,none,100,0.21170996129512787,0.22103631496429443,4.405250283034837,0.929,0.925,-0.43057050592034485,0.6606227106227106,0.6484126984126984,-1.8482580168191414,0.46363654973446233,0.42839241824571567,-7.601672367920943,0.8761416361416361,0.867081807081807,-1.0340598695579453,424,432,0.08,wids/abl_rows004_none_it100
optimiser,TabPFNv2/simple/ne1,wids,5000,1000,4,0.5,none,100,0.21079236268997192,0.22103631496429443,4.8597359712643176,0.926,0.925,-0.1079913606911448,0.64896,0.64841,-0.08475098619328456,0.43509,0.42839,-1.5399112827231112,0.8759,0.86708,-1.0069642653270978,424,432,0.08,wids/abl_rows004_none_it100
deployed,TabPFNv2/simple/ne1,wids,5000,1000,8,0.5,full,100,0.21170996129512787,0.21881769597530365,3.3572981812922156,0.929,0.93,0.10764262648008621,0.6606227106227106,0.6661782661782663,0.8409573976527261,0.46363654973446233,0.47417512815506374,2.2730258058035213,0.8761416361416361,0.8738339438339439,-0.2633926082836193,721,864,0.16,wids/abl_rows008_full_it100
optimiser,TabPFNv2/simple/ne1,wids,5000,1000,8,0.5,full,100,0.2107923924922943,0.22091315686702728,4.801294892605265,0.926,0.928,0.2159827213822896,0.64896,0.65507,0.9415064102564196,0.43509,0.45292,4.098002712082561,0.8759,0.86696,-1.0206644594131817,721,864,0.16,wids/abl_rows008_full_it100
deployed,TabPFNv2/simple/ne1,wids,5000,1000,8,0.5,none,100,0.21170996129512787,0.22635668516159058,6.9182969836950114,0.929,0.928,-0.10764262648008621,0.6606227106227106,0.6550671550671551,-0.8409573976527094,0.46363654973446233,0.4529248545740495,-2.3103646954813426,0.8761416361416361,0.8621001221001221,-1.6026534366464074,848,864,0.16,wids/abl_rows008_none_it100
optimiser,TabPFNv2/simple/ne1,wids,5000,1000,8,0.5,none,100,0.2107923924922943,0.226356640458107,7.383685806584148,0.926,0.928,0.2159827213822896,0.64896,0.65507,0.9415064102564196,0.43509,0.45292,4.098002712082561,0.8759,0.8621,-1.5755223198995356,848,864,0.16,wids/abl_rows008_none_it100
deployed,TabPFNv2/simple/ne1,wids,5000,1000,16,0.5,full,100,0.21170996129512787,0.2233700007200241,5.5075535197146035,0.929,0.927,-0.21528525296017242,0.6606227106227106,0.6545177045177045,-0.9241290084095707,0.46363654973446233,0.446014483990089,-3.800836183960478,0.8761416361416361,0.8709401709401708,-0.5936785774011984,1411,1728,0.32,wids/abl_rows016_full_it100
optimiser,TabPFNv2/simple/ne1,wids,5000,1000,16,0.5,full,100,0.2107923924922943,0.23185430467128754,9.991780030564035,0.926,0.922,-0.4319654427645792,0.64896,0.64176,-1.1094674556212993,0.43509,0.40449,-7.033027649451828,0.8759,0.85816,-2.0253453590592505,1411,1728,0.32,wids/abl_rows016_full_it100
deployed,TabPFNv2/simple/ne1,wids,5000,1000,16,0.5,none,100,0.21170996129512787,0.23884829878807068,12.81863986320012,0.929,0.923,-0.6458557588805173,0.6606227106227106,0.6322954822954823,-4.287958599020425,0.46363654973446233,0.40114645151144007,-13.478251069466394,0.8761416361416361,0.8536996336996338,-2.5614582752661685,1696,1728,0.32,wids/abl_rows016_none_it100
optimiser,TabPFNv2/simple/ne1,wids,5000,1000,16,0.5,none,100,0.2107923924922943,0.2388482242822647,13.309698447013925,0.926,0.923,-0.32397408207343437,0.64896,0.6323,-2.567184418145958,0.43509,0.40115,-7.800684915764548,0.8759,0.8537,-2.534535905925334,1696,1728,0.32,wids/abl_rows016_none_it100
deployed,TabPFNv2/simple/ne1,wids,5000,1000,32,0.5,full,100,0.21170996129512787,0.22664082050323486,7.052506701511831,0.929,0.924,-0.538213132400431,0.6606227106227106,0.6378510378510378,-3.4470012013677156,0.46363654973446233,0.41266976662731075,-10.992831159739604,0.8761416361416361,0.8697435897435899,-0.7302525224371254,2826,3456,0.64,wids/abl_rows032_full_it100
optimiser,TabPFNv2/simple/ne1,wids,5000,1000,32,0.5,full,100,0.2107923924922943,0.24143432080745697,14.53654373047775,0.926,0.917,-0.9719222462203032,0.64896,0.61398,-5.3901627218934935,0.43509,0.34561,-20.565859937024523,0.8759,0.85144,-2.792556227879899,2826,3456,0.64,wids/abl_rows032_full_it100
deployed,TabPFNv2/simple/ne1,wids,5000,1000,32,0.5,none,100,0.21170996129512787,0.2600286602973938,22.823063547259693,0.929,0.922,-0.7534983853606034,0.6606227106227106,0.6317460317460317,-4.371130209777286,0.46363654973446233,0.3943938690795999,-14.93468983291323,0.8761416361416361,0.8456654456654457,-3.4784547633647316,3392,3456,0.64,wids/abl_rows032_none_it100
optimiser,TabPFNv2/simple/ne1,wids,5000,1000,32,0.5,none,100,0.2107923924922943,0.26002857089042664,23.35766382078148,0.926,0.922,-0.4319654427645792,0.64896,0.63175,-2.6519354043392425,0.43509,0.39439,-9.354386448780703,0.8759,0.84567,-3.4513072268523777,3392,3456,0.64,wids/abl_rows032_none_it100
deployed,TabPFNv2/simple/ne1,wids,5000,1000,64,0.5,full,100,0.21170996129512787,0.2310573011636734,9.138606303732189,0.929,0.921,-0.8611410118406897,0.6606227106227106,0.6061660561660562,-8.243230755013387,0.46363654973446233,0.3621170862724382,-21.896346075426358,0.8761416361416361,0.8654090354090355,-1.2249846702714637,5676,6912,1.28,wids/abl_rows064_full_it100
optimiser,TabPFNv2/simple/ne1,wids,5000,1000,64,0.5,full,100,0.2107923924922943,0.24539481103420258,16.415401966260802,0.926,0.913,-1.4038876889848824,0.64896,0.58675,-9.586107001972385,0.43509,0.28649,-34.15385322576937,0.8759,0.85167,-2.766297522548233,5676,6912,1.28,wids/abl_rows064_full_it100
deployed,TabPFNv2/simple/ne1,wids,5000,1000,64,0.5,none,100,0.21170996129512787,0.3131709098815918,47.92450386641248,0.929,0.907,-2.3681377825618966,0.6606227106227106,0.5684371184371184,-13.954348026984567,0.46363654973446233,0.22600649819627935,-51.253519955292646,0.8761416361416361,0.8013308913308913,-8.538658788115278,6784,6912,1.28,wids/abl_rows064_none_it100
optimiser,TabPFNv2/simple/ne1,wids,5000,1000,64,0.5,none,100,0.2107923924922943,0.3131713271141052,48.568609811453925,0.926,0.907,-2.051835853131751,0.64896,0.56844,-12.40754437869823,0.43509,0.22601,-48.05442552115654,0.8759,0.80132,-8.514670624500512,6784,6912,1.28,wids/abl_rows064_none_it100
deployed,TabPFNv2/simple/ne1,wids,5000,1000,128,0.5,full,100,0.21170996129512787,0.22796949744224548,7.680099721170654,0.929,0.921,-0.8611410118406897,0.6606227106227106,0.6211843711843712,-5.969873394325844,0.46363654973446233,0.37741649871420396,-18.596474128202146,0.8761416361416361,0.8666300366300367,-1.0856235018674283,11334,13824,2.56,wids/abl_rows128_full_it100
optimiser,TabPFNv2/simple/ne1,wids,5000,1000,128,0.5,full,100,0.2107924073934555,0.24012504518032074,13.915414767342293,0.926,0.917,-0.9719222462203032,0.64896,0.61398,-5.3901627218934935,0.43509,0.34561,-20.565859937024523,0.8759,0.86065,-1.7410663317730317,11334,13824,2.56,wids/abl_rows128_full_it100
deployed,TabPFNv2/simple/ne1,wids,5000,1000,128,0.5,none,100,0.21170996129512787,0.3573431372642517,68.78900505116447,0.929,0.914,-1.6146393972012931,0.6606227106227106,0.5722832722832722,-13.37214675168654,0.46363654973446233,0.27032064923183774,-41.695569646815386,0.8761416361416361,0.838095238095238,-4.342494007469764,13568,13824,2.56,wids/abl_rows128_none_it100
optimiser,TabPFNv2/simple/ne1,wids,5000,1000,128,0.5,none,100,0.2107924073934555,0.35734280943870544,69.52356769269475,0.926,0.914,-1.2958963282937375,0.64896,0.57228,-11.81582840236686,0.43509,0.27032,-37.87032567974442,0.8759,0.8381,-4.3155611371161156,13568,13824,2.56,wids/abl_rows128_none_it100
deployed,TabPFNv2/simple/ne1,wids,5000,1000,1,0.5,full,10,0.21170996129512787,0.21205444633960724,0.16271555781881758,0.929,0.929,0.0,0.6606227106227106,0.6606227106227106,0.0,0.46363654973446233,0.46363654973446233,0.0,0.8761416361416361,0.876019536019536,-0.01393611684040354,88,108,0.02,wids/p1_full
optimiser,TabPFNv2/simple/ne1,wids,5000,1000,1,0.5,full,10,0.2107923924922943,0.2113921344280243,0.2845178275358796,0.926,0.927,0.1079913606911448,0.64896,0.65452,0.8567554240631178,0.43509,0.44601,2.5098255533338025,0.8759,0.87491,-0.1130266012101891,88,108,0.02,wids/p1_full
deployed,TabPFNv2/simple/ne1,wids,5000,1000,1,0.5,none,10,0.21170996129512787,0.2115970104932785,-0.05335167091732146,0.929,0.928,-0.10764262648008621,0.6606227106227106,0.6600732600732601,-0.08317161075686137,0.46363654973446233,0.4567550279289409,-1.4842492054309933,0.8761416361416361,0.876984126984127,0.0961592061987895,106,108,0.02,wids/p1_none
optimiser,TabPFNv2/simple/ne1,wids,5000,1000,1,0.5,none,10,0.2107923924922943,0.2115444391965866,0.3567712740486064,0.926,0.927,0.1079913606911448,0.64896,0.65452,0.8567554240631178,0.43509,0.44601,2.5098255533338025,0.8759,0.87484,-0.12101838109373911,106,108,0.02,wids/p1_none
deployed,TabPFNv2/simple/ne1,wids,5000,1000,1,5.0,none,10,0.21170996129512787,0.21246536076068878,0.35680865507687254,0.929,0.929,0.0,0.6606227106227106,0.6606227106227106,0.0,0.46363654973446233,0.46363654973446233,0.0,0.8761416361416361,0.8758363858363859,-0.03484029210099618,106,108,0.02,wids/p1_none_eps5
optimiser,TabPFNv2/simple/ne1,wids,5000,1000,1,5.0,none,10,0.2107923924922943,0.21427951753139496,1.654293590898031,0.926,0.928,0.2159827213822896,0.64896,0.65006,0.1695019723865862,0.43509,0.44922,3.2476039440115914,0.8759,0.87032,-0.6370590250028576,106,108,0.02,wids/p1_none_eps5
deployed,TabPFNv2/simple/ne1,wids,5000,1000,1,50.0,none,10,0.21170996129512787,0.21947182714939117,3.6662733329978323,0.929,0.928,-0.10764262648008621,0.6606227106227106,0.6500610500610501,-1.5987431845485574,0.46363654973446233,0.4492215617227324,-3.109113813392361,0.8761416361416361,0.8686568986568988,-0.8542839623167219,106,108,0.02,wids/p1_none_eps50
optimiser,TabPFNv2/simple/ne1,wids,5000,1000,1,50.0,none,10,0.2107923924922943,0.2234811931848526,6.019572406068752,0.926,0.925,-0.1079913606911448,0.64896,0.6384,-1.6272189349112447,0.43509,0.41966,-3.5463927003608444,0.8759,0.86747,-0.9624386345473283,106,108,0.02,wids/p1_none_eps50
deployed,TabPFNv2/simple/ne1,wids,5000,1000,1,50.0,none,100,0.21170996129512787,0.22320900857448578,5.431509792459888,0.929,0.925,-0.43057050592034485,0.6606227106227106,0.6484126984126984,-1.8482580168191414,0.46363654973446233,0.42839241824571567,-7.601672367920943,0.8761416361416361,0.8680830280830282,-0.9197837114666211,106,108,0.02,wids/p2_none_eps50_it100
optimiser,TabPFNv2/simple/ne1,wids,5000,1000,1,50.0,none,100,0.2107923924922943,0.2331094592809677,10.587225907352998,0.926,0.917,-0.9719222462203032,0.64896,0.61398,-5.3901627218934935,0.43509,0.34561,-20.565859937024523,0.8759,0.86168,-1.6234729992008232,106,108,0.02,wids/p2_none_eps50_it100
