dataset,attack,row_percent,protocol,metric,clean_mean,clean_std,poisoned_mean,poisoned_std,delta_mean,delta_std,relative_pct,tabpfn_delta_mean,tabpfn_delta_std,transfer_pct,n_contexts
coil2000_insurance_policies,x-capgd,1,A,ce,0.20282625989298908,0.004243366056292646,0.20377748666841625,0.002356391930591113,0.0009512267754271497,0.002541140319095912,0.4689860060176705,0.0017640623290125612,0.00038761987424663945,53.92251508253688,5
coil2000_insurance_policies,x-capgd,1,A,roc_auc,0.7358940182640177,0.02189996271955662,0.7348385237486267,0.009532703435000827,-0.0010554945153910867,0.012525216137211201,-0.14343023440807554,-0.009376970046290433,0.0020670073404832753,11.256242796772552,5
coil2000_insurance_policies,x-capgd,1,A,accuracy,0.9410000000000001,1.1102230246251565e-16,0.9405999999999999,0.000489897948556636,-0.00040000000000000034,0.000489897948556636,-0.042507970244420865,0.0,0.0,,5
coil2000_insurance_policies,x-capgd,1,A,balanced_accuracy,0.5,0.0,0.4997874601487779,0.0002603070927505901,-0.00021253985122209328,0.0002603070927505901,-0.04250797024441866,0.0,0.0,,5
coil2000_insurance_policies,x-capgd,1,A,mcc,0.0,0.0,-0.003168899320045353,0.00388109319018184,-0.003168899320045353,0.00388109319018184,,0.0,0.0,,5
coil2000_insurance_policies,x-capgd,1,B,ce,0.19924394890607927,0.0015227821487347364,0.19925983392737773,0.00020201515504517833,1.5885021298439606e-05,0.0014856679898099382,0.007972649300344662,0.0017640623290125612,0.00038761987424663945,0.9004795940136249,5
coil2000_insurance_policies,x-capgd,1,B,roc_auc,0.753279057619914,0.005805604592610131,0.7523100199931555,0.002978960996106916,-0.0009690376267584178,0.004709927389127148,-0.1286425816509783,-0.009376970046290433,0.0020670073404832753,10.334229734921388,5
coil2000_insurance_policies,x-capgd,1,B,accuracy,0.9410000000000001,1.1102230246251565e-16,0.9410000000000001,1.1102230246251565e-16,0.0,0.0,0.0,0.0,0.0,,5
coil2000_insurance_policies,x-capgd,1,B,balanced_accuracy,0.5,0.0,0.5,0.0,0.0,0.0,0.0,0.0,0.0,,5
coil2000_insurance_policies,x-capgd,1,B,mcc,0.0,0.0,0.0,0.0,0.0,0.0,,0.0,0.0,,5
coil2000_insurance_policies,x-capgd,4,A,ce,0.20282625989298908,0.004243366056292646,0.2036557577030676,0.0021048457202386887,0.0008294978100785166,0.005583469298695734,0.40896963268768,0.002286297664877057,0.0009408333901862937,36.28126918124293,5
coil2000_insurance_policies,x-capgd,4,A,roc_auc,0.7358940182640177,0.02189996271955662,0.7406023163241413,0.0037909578326821756,0.004708298060123584,0.02313563251073586,0.6398065405165967,-0.009243682342981719,0.004220056565032245,-50.935307872174626,5
coil2000_insurance_policies,x-capgd,4,A,accuracy,0.9410000000000001,1.1102230246251565e-16,0.9401999999999999,0.0011661903789690613,-0.0008000000000000007,0.001166190378969061,-0.08501594048884173,0.0,0.0,,5
coil2000_insurance_policies,x-capgd,4,A,balanced_accuracy,0.5,0.0,0.4995749202975558,0.0006196548241068225,-0.00042507970244419767,0.0006196548241068225,-0.08501594048883954,0.0,0.0,,5
coil2000_insurance_policies,x-capgd,4,A,mcc,0.0,0.0,-0.004331548199284735,0.0056145209720048,-0.004331548199284735,0.0056145209720048,,0.0,0.0,,5
coil2000_insurance_policies,x-capgd,4,B,ce,0.19924394890607927,0.0015227821487347364,0.19948421962477725,0.0006586616150138868,0.00024027071869796025,0.0014772649088432876,0.12059122498682276,0.002286297664877057,0.0009408333901862937,10.509161706679192,5
coil2000_insurance_policies,x-capgd,4,B,roc_auc,0.753279057619914,0.005805604592610131,0.7518056881427979,0.0038294230515421475,-0.00147336947711596,0.006599776000008331,-0.19559411113475902,-0.009243682342981719,0.004220056565032245,15.939204988308779,5
coil2000_insurance_policies,x-capgd,4,B,accuracy,0.9410000000000001,1.1102230246251565e-16,0.9410000000000001,1.1102230246251565e-16,0.0,0.0,0.0,0.0,0.0,,5
coil2000_insurance_policies,x-capgd,4,B,balanced_accuracy,0.5,0.0,0.5,0.0,0.0,0.0,0.0,0.0,0.0,,5
coil2000_insurance_policies,x-capgd,4,B,mcc,0.0,0.0,0.0,0.0,0.0,0.0,,0.0,0.0,,5
coil2000_insurance_policies,x-capgd,16,A,ce,0.20282625989298908,0.004243366056292646,0.20338959547010022,0.002283623553629469,0.0005633355771111515,0.004667390594675196,0.2777429201762961,0.0035743005541975293,0.0004403788854561588,15.760722092874664,5
coil2000_insurance_policies,x-capgd,16,A,roc_auc,0.7358940182640177,0.02189996271955662,0.7443848052018227,0.0067607864220567675,0.008490786937805073,0.02127364817427056,1.153805674060911,-0.010843134782687058,0.002567810427017354,-78.30564784053118,5
coil2000_insurance_policies,x-capgd,16,A,accuracy,0.9410000000000001,1.1102230246251565e-16,0.9398,0.001166190378969061,-0.001200000000000001,0.0011661903789690613,-0.12752391073326258,0.0,0.0,,5
coil2000_insurance_policies,x-capgd,16,A,balanced_accuracy,0.5,0.0,0.49936238044633374,0.0006196548241068264,-0.0006376195536663021,0.0006196548241068263,-0.12752391073326041,0.0,0.0,,5
coil2000_insurance_policies,x-capgd,16,A,mcc,0.0,0.0,-0.006573420736649256,0.005674967641823544,-0.006573420736649256,0.005674967641823544,,0.0,0.0,,5
coil2000_insurance_policies,x-capgd,16,B,ce,0.19924394890607927,0.0015227821487347364,0.19949101328470908,0.0012842830625618554,0.00024706437862981323,0.0014430182168392992,0.12400094456383005,0.0035743005541975293,0.0004403788854561588,6.912244084781,5
coil2000_insurance_policies,x-capgd,16,B,roc_auc,0.753279057619914,0.005805604592610131,0.7506367189610763,0.00450340746018324,-0.00264233865883754,0.006235581347560817,-0.35077819197394955,-0.010843134782687058,0.002567810427017354,24.368770764119716,5
coil2000_insurance_policies,x-capgd,16,B,accuracy,0.9410000000000001,1.1102230246251565e-16,0.9410000000000001,1.1102230246251565e-16,0.0,0.0,0.0,0.0,0.0,,5
coil2000_insurance_policies,x-capgd,16,B,balanced_accuracy,0.5,0.0,0.5,0.0,0.0,0.0,0.0,0.0,0.0,,5
coil2000_insurance_policies,x-capgd,16,B,mcc,0.0,0.0,0.0,0.0,0.0,0.0,,0.0,0.0,,5
coil2000_insurance_policies,x-capgd,64,A,ce,0.20282625989298908,0.004243366056292646,0.210678865099812,0.003918366562319324,0.00785260520682295,0.006515742126720889,3.8715919777675616,0.014641140156721393,0.009389268805749808,53.633836728337094,5
coil2000_insurance_policies,x-capgd,64,A,roc_auc,0.7358940182640177,0.02189996271955662,0.7117113060393738,0.014970903611652058,-0.024182712224643788,0.023941316823095304,-3.2861677937933345,-0.026481024514130303,0.020008871232179957,91.32090871990194,5
coil2000_insurance_policies,x-capgd,64,A,accuracy,0.9410000000000001,1.1102230246251565e-16,0.9394,0.0008000000000000007,-0.0016000000000000014,0.0008000000000000007,-0.17003188097768346,-0.0006000000000000005,0.0008000000000000007,266.6666666666667,5
coil2000_insurance_policies,x-capgd,64,A,balanced_accuracy,0.5,0.0,0.5023271312523641,0.006779661016949157,0.0023271312523640564,0.006779661016949157,0.4654262504728113,0.001269835551793086,0.003098478302411066,183.26241134751692,5
coil2000_insurance_policies,x-capgd,64,A,mcc,0.0,0.0,0.01475433465022043,0.05192739467408607,0.01475433465022043,0.05192739467408607,,0.010531359653667534,0.027018470149957372,140.09904832261853,5
coil2000_insurance_policies,x-capgd,64,B,ce,0.19924394890607927,0.0015227821487347364,0.20052183084677683,0.0018541818464952152,0.0012778819406975672,0.0025990812612902967,0.6413654957721915,0.014641140156721393,0.009389268805749808,8.72802204622652,5
coil2000_insurance_policies,x-capgd,64,B,roc_auc,0.753279057619914,0.005805604592610131,0.7441308380914642,0.007855737370542761,-0.009148219528449708,0.01130445314648369,-1.214452922314704,-0.026481024514130303,0.020008871232179957,34.54632022854028,5
coil2000_insurance_policies,x-capgd,64,B,accuracy,0.9410000000000001,1.1102230246251565e-16,0.9411999999999999,0.0004000000000000003,0.00020000000000000017,0.0004000000000000003,0.021253985122210432,-0.0006000000000000005,0.0008000000000000007,-33.333333333333336,5
coil2000_insurance_policies,x-capgd,64,B,balanced_accuracy,0.5,0.0,0.5016949152542373,0.003389830508474567,0.0016949152542372835,0.0033898305084745666,0.3389830508474567,0.001269835551793086,0.003098478302411066,133.47517730496352,5
coil2000_insurance_policies,x-capgd,64,B,mcc,0.0,0.0,0.02527062932341252,0.05054125864682504,0.02527062932341252,0.05054125864682504,,0.010531359653667534,0.027018470149957372,239.95599955236597,5
coil2000_insurance_policies,label-flip,1,A,ce,0.20282625989298908,0.004243366056292646,0.20484024698107017,0.0011482572152346276,0.002013987088081087,0.0041194965987921585,0.9929617048323351,0.010065057500474633,0.0007326561135979364,20.009692820792278,5
coil2000_insurance_policies,label-flip,1,A,roc_auc,0.7358940182640177,0.02189996271955662,0.7245843765197499,0.006891221511171681,-0.011309641744267762,0.026437267170387788,-1.5368574092975147,-0.0409193249157946,0.009710425684270047,27.638876661678044,5
coil2000_insurance_policies,label-flip,1,A,accuracy,0.9410000000000001,1.1102230246251565e-16,0.9410000000000001,1.1102230246251565e-16,0.0,0.0,0.0,0.0,0.0,,5
coil2000_insurance_policies,label-flip,1,A,balanced_accuracy,0.5,0.0,0.5,0.0,0.0,0.0,0.0,0.0,0.0,,5
coil2000_insurance_policies,label-flip,1,A,mcc,0.0,0.0,0.0,0.0,0.0,0.0,,0.0,0.0,,5
coil2000_insurance_policies,label-flip,1,B,ce,0.19924394890607927,0.0015227821487347364,0.2016804688454296,0.0004612626776181445,0.0024365199393503014,0.001542764118727693,1.2228827789891084,0.010065057500474633,0.0007326561135979364,24.207710082484912,5
coil2000_insurance_policies,label-flip,1,B,roc_auc,0.753279057619914,0.005805604592610131,0.7409103189898953,0.0016586108862101628,-0.01236873863001855,0.007153825025379874,-1.641986260589699,-0.0409193249157946,0.009710425684270047,30.2271326701294,5
coil2000_insurance_policies,label-flip,1,B,accuracy,0.9410000000000001,1.1102230246251565e-16,0.9410000000000001,1.1102230246251565e-16,0.0,0.0,0.0,0.0,0.0,,5
coil2000_insurance_policies,label-flip,1,B,balanced_accuracy,0.5,0.0,0.5,0.0,0.0,0.0,0.0,0.0,0.0,,5
coil2000_insurance_policies,label-flip,1,B,mcc,0.0,0.0,0.0,0.0,0.0,0.0,,0.0,0.0,,5
coil2000_insurance_policies,label-flip,4,A,ce,0.20282625989298908,0.004243366056292646,0.2258958083198154,0.007232871853593955,0.02306954842682632,0.008397311649398274,11.374044188852956,0.04356194101479508,0.0009239120254850237,52.958036050301644,5
coil2000_insurance_policies,label-flip,4,A,roc_auc,0.7358940182640177,0.02189996271955662,0.6551847115401934,0.025661928817598868,-0.0807093067238243,0.03829884973698778,-10.967517702374924,-0.10171292710603586,0.006066813088528008,79.35009739684784,5
coil2000_insurance_policies,label-flip,4,A,accuracy,0.9410000000000001,1.1102230246251565e-16,0.9376,0.002244994432064325,-0.0033999999999999586,0.002244994432064325,-0.36131774707757264,-0.005399999999999916,0.0014966629547095423,62.962962962963175,5
coil2000_insurance_policies,label-flip,4,A,balanced_accuracy,0.5,0.0,0.4997820565932384,0.0023324715221603605,-0.0002179434067616448,0.002332471522160361,-0.04358868135232896,0.003485293323006533,0.003170536180851299,-6.253229974160091,5
coil2000_insurance_policies,label-flip,4,A,mcc,0.0,0.0,-0.004452609407759289,0.013958600596883444,-0.004452609407759289,0.013958600596883444,,0.01934066106694939,0.020127187454890536,-23.022012496605942,5
coil2000_insurance_policies,label-flip,4,B,ce,0.19924394890607927,0.0015227821487347364,0.2114996107992413,0.00034417210636710855,0.012255661893161995,0.0015629797940634412,6.151083614057026,0.04356194101479508,0.0009239120254850237,28.133874679733776,5
coil2000_insurance_policies,label-flip,4,B,roc_auc,0.753279057619914,0.005805604592610131,0.6857526252273998,0.004312650462395513,-0.06752643239251425,0.007151181532120073,-8.964331572667513,-0.10171292710603586,0.006066813088528008,66.38923322117931,5
coil2000_insurance_policies,label-flip,4,B,accuracy,0.9410000000000001,1.1102230246251565e-16,0.9410000000000001,1.1102230246251565e-16,0.0,0.0,0.0,-0.005399999999999916,0.0014966629547095423,-0.0,5
coil2000_insurance_policies,label-flip,4,B,balanced_accuracy,0.5,0.0,0.5,0.0,0.0,0.0,0.0,0.003485293323006533,0.003170536180851299,0.0,5
coil2000_insurance_policies,label-flip,4,B,mcc,0.0,0.0,0.0,0.0,0.0,0.0,,0.01934066106694939,0.020127187454890536,0.0,5
coil2000_insurance_policies,label-flip,16,A,ce,0.20282625989298908,0.004243366056292646,0.4006534800872063,0.01957399074421895,0.1978272201942173,0.023648011530425162,97.53530943113122,0.25027618750292197,0.007453785191848318,79.04356469866222,5
coil2000_insurance_policies,label-flip,16,A,roc_auc,0.7358940182640177,0.02189996271955662,0.4871395378158828,0.02623545270520831,-0.24875448044813483,0.0456654267290221,-33.803030636795974,-0.24024928402889106,0.010315075371448606,103.54015474119831,5
coil2000_insurance_policies,label-flip,16,A,accuracy,0.9410000000000001,1.1102230246251565e-16,0.8552,0.008207313811473283,-0.08579999999999996,0.008207313811473283,-9.117959617428264,-0.09479999999999997,0.002227105745132011,90.50632911392404,5
coil2000_insurance_policies,label-flip,16,A,balanced_accuracy,0.5,0.0,0.49889227111439316,0.008675723989693405,-0.0011077288856067512,0.008675723989693403,-0.22154577712135023,-0.013833102181235258,0.00910431672821035,8.007812500000156,5
coil2000_insurance_policies,label-flip,16,A,mcc,0.0,0.0,-0.0015123993954278968,0.013549342398713589,-0.0015123993954278968,0.013549342398713589,,-0.021362495235409597,0.014019118088361046,7.079694477455075,5
coil2000_insurance_policies,label-flip,16,B,ce,0.19924394890607927,0.0015227821487347364,0.2779457920132507,0.001981796657628551,0.07870184310717139,0.0024162909923418265,39.50024256157978,0.25027618750292197,0.007453785191848318,31.445997277009244,5
coil2000_insurance_policies,label-flip,16,B,roc_auc,0.753279057619914,0.005805604592610131,0.5568994398314091,0.04360850551140766,-0.19637961778850485,0.044283845424384266,-26.069969130562654,-0.24024928402889106,0.010315075371448606,81.73993882324716,5
coil2000_insurance_policies,label-flip,16,B,accuracy,0.9410000000000001,1.1102230246251565e-16,0.9410000000000001,1.1102230246251565e-16,0.0,0.0,0.0,-0.09479999999999997,0.002227105745132011,-0.0,5
coil2000_insurance_policies,label-flip,16,B,balanced_accuracy,0.5,0.0,0.5,0.0,0.0,0.0,0.0,-0.013833102181235258,0.00910431672821035,-0.0,5
coil2000_insurance_policies,label-flip,16,B,mcc,0.0,0.0,0.0,0.0,0.0,0.0,,-0.021362495235409597,0.014019118088361046,-0.0,5
coil2000_insurance_policies,label-flip,64,A,ce,0.20282625989298908,0.004243366056292646,1.8333471975658764,0.07693196411628994,1.6305209376728875,0.0801818923100151,803.9003127766338,1.6795540487574214,0.012309380052703578,97.08058748565966,5
coil2000_insurance_policies,label-flip,64,A,roc_auc,0.7358940182640177,0.02189996271955662,0.31618545002611714,0.01270382636555,-0.41970856823790054,0.01606892872045228,-57.033833381061825,-0.4157027323979179,0.003132438655415746,100.96362990372364,5
coil2000_insurance_policies,label-flip,64,A,accuracy,0.9410000000000001,1.1102230246251565e-16,0.2918,0.0033704599092705466,-0.6492000000000001,0.0033704599092705674,-68.99043570669502,-0.6045999999999999,0.003720215047547606,107.37677803506455,5
coil2000_insurance_policies,label-flip,64,A,balanced_accuracy,0.5,0.0,0.36633765017381437,0.014183765020293166,-0.1336623498261856,0.014183765020293166,-26.732469965237122,-0.11473009240079972,0.0019767348818000284,116.50156208298664,5
coil2000_insurance_policies,label-flip,64,A,mcc,0.0,0.0,-0.13776220911388995,0.01454492220145461,-0.13776220911388995,0.01454492220145461,,-0.11387142389756835,0.002259874204880843,120.98049220655417,5
coil2000_insurance_policies,label-flip,64,B,ce,0.19924394890607927,0.0015227821487347364,0.9728771247572947,0.0012445726479034826,0.7736331758512154,0.0008465262172006291,388.2844021606372,1.6795540487574214,0.012309380052703578,46.06182078055598,5
coil2000_insurance_policies,label-flip,64,B,roc_auc,0.753279057619914,0.005805604592610131,0.39544300149498374,0.031464168380715404,-0.3578360561249302,0.0334979055276425,-47.50378395697886,-0.4157027323979179,0.003132438655415746,86.0797941020997,5
coil2000_insurance_policies,label-flip,64,B,accuracy,0.9410000000000001,1.1102230246251565e-16,0.059,0.0,-0.8819999999999999,0.0,-93.73007438894791,-0.6045999999999999,0.003720215047547606,145.8815745947734,5
coil2000_insurance_policies,label-flip,64,B,balanced_accuracy,0.5,0.0,0.5,0.0,0.0,0.0,0.0,-0.11473009240079972,0.0019767348818000284,-0.0,5
coil2000_insurance_policies,label-flip,64,B,mcc,0.0,0.0,0.0,0.0,0.0,0.0,,-0.11387142389756835,0.002259874204880843,-0.0,5
lcld_v2,x-capgd,1,A,ce,0.45212202084798586,0.001051480986113927,0.45207682744231725,0.0007837463013811025,-4.519340566854213e-05,0.0006033033975826519,-0.009995842623143814,0.005617344175930306,0.0010772010973420045,-0.8045333213191893,5
lcld_v2,x-capgd,1,A,roc_auc,0.7106832879240919,0.0015404087779154535,0.7121334336340247,0.0026201784476945302,0.0014501457099329374,0.002686405070135203,0.2040495020178141,-0.0033567017086939765,0.0009232379676192702,-43.201506591336624,5
lcld_v2,x-capgd,1,A,accuracy,0.8038000000000001,0.0007483314773547889,0.8034000000000001,0.0008000000000000007,-0.00040000000000000034,0.0008000000000000007,-0.04976362279173928,0.0,0.001264911064067353,,5
lcld_v2,x-capgd,1,A,balanced_accuracy,0.5066274313962236,0.004469585424525017,0.5075276090295908,0.0033006267584823764,0.0009001776333672495,0.004708889337994421,0.17768039738520158,-0.0030646496956211245,0.001722892386420144,-29.372937293729,5
lcld_v2,x-capgd,1,A,mcc,0.06382494458513766,0.03359912576945234,0.07336536755974836,0.007145634622700691,0.009540422974610715,0.036553852101987146,14.947796722149146,-0.006239107179622766,0.008786865668258,-152.91327268379376,5
lcld_v2,x-capgd,1,B,ce,0.4516123439985552,0.002399805850010673,0.44974220356960626,0.0019718420691855077,-0.0018701404289490297,0.0016348415098549809,-0.41410303633219836,0.005617344175930306,0.0010772010973420045,-33.29225289350033,5
lcld_v2,x-capgd,1,B,roc_auc,0.7126840338578048,0.005654392557337866,0.7164668027890335,0.004068912370237167,0.0037827689312287084,0.003033299240873309,0.5307778414443124,-0.0033567017086939765,0.0009232379676192702,-112.69303201506415,5
lcld_v2,x-capgd,1,B,accuracy,0.8034000000000001,0.0010198039027185578,0.8064,0.0014966629547095778,0.0030000000000000027,0.00244948974278318,0.37341299477221834,0.0,0.001264911064067353,,5
lcld_v2,x-capgd,1,B,balanced_accuracy,0.5105922587252119,0.005127428396155979,0.519738796770992,0.003013183923358185,0.009146538045780073,0.006439953759236645,1.7913585428451462,-0.0030646496956211245,0.001722892386420144,-298.452970297028,5
lcld_v2,x-capgd,1,B,mcc,0.08165105759138223,0.020800708369476232,0.13026726536559785,0.01593120555126686,0.04861620777421562,0.030858768806455297,59.541430580743345,-0.006239107179622766,0.008786865668258,-779.2173843879228,5
lcld_v2,x-capgd,4,A,ce,0.45212202084798586,0.001051480986113927,0.4525392705495753,0.0023532850948802097,0.0004172497015895504,0.003108358724083368,0.09228696731182658,0.01953688495069027,0.0031136263830849062,2.135702301787923,5
lcld_v2,x-capgd,4,A,roc_auc,0.7106832879240919,0.0015404087779154535,0.7101055053700905,0.0049985553925097825,-0.0005777825540011827,0.005244252067180405,-0.08129958362871982,-0.011336928143826207,0.0017670051407027239,5.096464815434398,5
lcld_v2,x-capgd,4,A,accuracy,0.8038000000000001,0.0007483314773547889,0.8039999999999999,0.0017888543819998333,0.00020000000000000017,0.002227105745132011,0.02488181139586964,0.0014000000000000013,0.002870540018881467,14.285714285714285,5
lcld_v2,x-capgd,4,A,balanced_accuracy,0.5066274313962236,0.004469585424525017,0.5071350456094216,0.007457556619945356,0.0005076142131979599,0.005658975225864317,0.10019477464909803,-0.002959081110809114,0.004846198786295308,-17.154454176457527,5
lcld_v2,x-capgd,4,A,mcc,0.06382494458513766,0.03359912576945234,0.05581949827477691,0.05289979578505924,-0.008005446310360733,0.04789559824161753,-12.542817486793227,0.0010783572703009809,0.02544815662819559,-742.3742140790064,5
lcld_v2,x-capgd,4,B,ce,0.4516123439985552,0.002399805850010673,0.4498209866289674,0.001125593249127903,-0.0017913573695878871,0.002191023707694549,-0.3966581944433339,0.01953688495069027,0.0031136263830849062,-9.16910435880207,5
lcld_v2,x-capgd,4,B,roc_auc,0.7126840338578048,0.005654392557337866,0.7163144553103526,0.003035492990404987,0.003630421452547816,0.004695888722507974,0.509401260597366,-0.011336928143826207,0.0017670051407027239,-32.02297312367502,5
lcld_v2,x-capgd,4,B,accuracy,0.8034000000000001,0.0010198039027185578,0.8048000000000002,0.002638181191654586,0.0014000000000000013,0.002332380757938122,0.17425939756036857,0.0014000000000000013,0.002870540018881467,100.0,5
lcld_v2,x-capgd,4,B,balanced_accuracy,0.5105922587252119,0.005127428396155979,0.5152948018534557,0.006409743643751736,0.004702543128243697,0.007675039467998989,0.92099773310008,-0.002959081110809114,0.004846198786295308,-158.91903439435833,5
lcld_v2,x-capgd,4,B,mcc,0.08165105759138223,0.020800708369476232,0.10448251871823844,0.03746194330686945,0.022831461126856207,0.038922799384723324,27.96223564073704,0.0010783572703009809,0.02544815662819559,2117.2446048871825,5
lcld_v2,x-capgd,16,A,ce,0.45212202084798586,0.001051480986113927,0.4645527606773925,0.009421114717877129,0.012430739829406613,0.00930091338368392,2.749421451777975,0.04042064903425894,0.0038147129207182747,30.753439458309565,5
lcld_v2,x-capgd,16,A,roc_auc,0.7106832879240919,0.0015404087779154535,0.6909128837923776,0.012649396486230641,-0.019770404131714138,0.01399875868995263,-2.781886737405005,-0.042016296755188434,0.004033058802230366,47.05413294014962,5
lcld_v2,x-capgd,16,A,accuracy,0.8038000000000001,0.0007483314773547889,0.7994,0.0059194594347795025,-0.004400000000000004,0.005953150426454892,-0.5473998507091321,-0.005200000000000005,0.002135415650406264,84.61538461538461,5
lcld_v2,x-capgd,16,A,balanced_accuracy,0.5066274313962236,0.004469585424525017,0.5119324108198318,0.0056188003950504465,0.005304979423608169,0.005532640611575262,1.0471164991970692,-0.018944187722436844,0.005102469194719973,-28.003203416978042,5
lcld_v2,x-capgd,16,A,mcc,0.06382494458513766,0.03359912576945234,0.07797577158519339,0.017306496078365985,0.014150827000055733,0.019275711293296256,22.1713110634661,-0.07724878525263454,0.027313853932471717,-18.318510710267933,5
lcld_v2,x-capgd,16,B,ce,0.4516123439985552,0.002399805850010673,0.4553194986647478,0.0011818656191193658,0.0037071546661925246,0.0018404046294619864,0.8208709782752052,0.04042064903425894,0.0038147129207182747,9.171437754625087,5
lcld_v2,x-capgd,16,B,roc_auc,0.7126840338578048,0.005654392557337866,0.7050578098627609,0.004447200177755959,-0.007626223995044002,0.0037269774329258616,-1.0700708354251685,-0.042016296755188434,0.004033058802230366,18.150633406553773,5
lcld_v2,x-capgd,16,B,accuracy,0.8034000000000001,0.0010198039027185578,0.8026,0.001356465996625055,-0.0008000000000000007,0.0014696938456699082,-0.09957679860592489,-0.005200000000000005,0.002135415650406264,15.384615384615383,5
lcld_v2,x-capgd,16,B,balanced_accuracy,0.5105922587252119,0.005127428396155979,0.5077956394485147,0.005362050866597597,-0.0027966192766971654,0.008328096891534346,-0.547720657512404,-0.018944187722436844,0.005102469194719973,14.762413240790185,5
lcld_v2,x-capgd,16,B,mcc,0.08165105759138223,0.020800708369476232,0.056763474140246906,0.04224334825807511,-0.024887583451135335,0.05088687252292415,-30.480417749986458,-0.07724878525263454,0.027313853932471717,32.21744312191181,5
lcld_v2,x-capgd,64,A,ce,0.45212202084798586,0.001051480986113927,0.5133523564088276,0.012795705314162234,0.06123033556084175,0.013079649901405156,13.542878412778936,0.3335039722534002,0.16124306288277282,18.359702029071553,5
lcld_v2,x-capgd,64,A,roc_auc,0.7106832879240919,0.0015404087779154535,0.6318665410800868,0.015722682152871696,-0.07881674684400504,0.016477492639395117,-11.090277228022204,-0.2236252378453895,0.039211677445917435,35.24501420474621,5
lcld_v2,x-capgd,64,A,accuracy,0.8038000000000001,0.0007483314773547889,0.7901999999999999,0.008908422980528043,-0.013600000000000011,0.009090654541890817,-1.6919631749191355,-0.037800000000000035,0.017713271860387635,35.978835978835974,5
lcld_v2,x-capgd,64,A,balanced_accuracy,0.5066274313962236,0.004469585424525017,0.5188455727569836,0.005700051347185973,0.012218141360760071,0.007634095834803529,2.411662022936239,-0.03426301117004131,0.011303210860279415,-35.659858674194105,5
lcld_v2,x-capgd,64,A,mcc,0.06382494458513766,0.03359912576945234,0.07883527518888166,0.02773571250409697,0.01501033060374401,0.052745636803952084,23.517968877703236,-0.15869536807267542,0.03801367504215976,-9.458581423038098,5
lcld_v2,x-capgd,64,B,ce,0.4516123439985552,0.002399805850010673,0.4627470442671243,0.0027403155078204416,0.011134700268569109,0.003537228576216964,2.465543826810175,0.3335039722534002,0.16124306288277282,3.3387009436004056,5
lcld_v2,x-capgd,64,B,roc_auc,0.7126840338578048,0.005654392557337866,0.6889582846053189,0.007083022655617406,-0.023725749252485984,0.007648925289450283,-3.3290698437647,-0.2236252378453895,0.039211677445917435,10.609602691128066,5
lcld_v2,x-capgd,64,B,accuracy,0.8034000000000001,0.0010198039027185578,0.8028000000000001,0.0007483314773547889,-0.0006000000000000005,0.0014966629547095778,-0.07468259895444367,-0.037800000000000035,0.017713271860387635,1.587301587301587,5
lcld_v2,x-capgd,64,B,balanced_accuracy,0.5105922587252119,0.005127428396155979,0.5010247106346125,0.0009522609070597759,-0.009567548090599365,0.0057092728351618,-1.8738137774525843,-0.03426301117004131,0.011303210860279415,27.923839043560132,5
lcld_v2,x-capgd,64,B,mcc,0.08165105759138223,0.020800708369476232,0.020296472895694632,0.023356302662861244,-0.06135458469568761,0.03754919139160999,-75.14242497964068,-0.15869536807267542,0.03801367504215976,38.661862309421615,5
lcld_v2,label-flip,1,A,ce,0.45212202084798586,0.001051480986113927,0.4540102107938656,0.004185572792653575,0.0018881899458797146,0.003704125758701124,0.4176283964975395,0.006458735763142464,0.00040266460750253277,29.234667822376213,5
lcld_v2,label-flip,1,A,roc_auc,0.7106832879240919,0.0015404087779154535,0.7071059668375572,0.008770255991752894,-0.003577321086534613,0.007399357106723377,-0.503363614611507,-0.007831039692523611,0.0007798186075275253,45.68130448821406,5
lcld_v2,label-flip,1,A,accuracy,0.8038000000000001,0.0007483314773547889,0.8032,0.0004000000000000003,-0.0006000000000000005,0.0008000000000000007,-0.07464543418760891,0.0010000000000000009,0.0017888543819998333,-59.99999999999999,5
lcld_v2,label-flip,1,A,balanced_accuracy,0.5066274313962236,0.004469585424525017,0.5043384263327244,0.005554997234781902,-0.002289005063499183,0.009340008872034154,-0.4518123026206602,-0.01316825862406843,0.0020613877709330292,17.382746867649068,5
lcld_v2,label-flip,1,A,mcc,0.06382494458513766,0.03359912576945234,0.033963664107514016,0.041762061563269344,-0.029861280477623636,0.07026747503013386,-46.786222333167785,-0.01940287973436736,0.017737074680419476,153.901281080106,5
lcld_v2,label-flip,1,B,ce,0.4516123439985552,0.002399805850010673,0.4525043861670877,0.0015391111091239895,0.0008920421685324698,0.0017522769799742694,0.19752386762380517,0.006458735763142464,0.00040266460750253277,13.811405223031624,5
lcld_v2,label-flip,1,B,roc_auc,0.7126840338578048,0.005654392557337866,0.7105802479281376,0.004540184274339664,-0.0021037859296673123,0.0045373735728116964,-0.29519195460004666,-0.007831039692523611,0.0007798186075275253,26.864707781724338,5
lcld_v2,label-flip,1,B,accuracy,0.8034000000000001,0.0010198039027185578,0.8036000000000001,0.001356465996625055,0.00020000000000000017,0.0021354156504062643,0.024894199651481222,0.0010000000000000009,0.0017888543819998333,20.0,5
lcld_v2,label-flip,1,B,balanced_accuracy,0.5105922587252119,0.005127428396155979,0.5053536547591203,0.001625864201912902,-0.005238603966091637,0.00529988115314841,-1.0259857795671996,-0.01316825862406843,0.0020613877709330292,39.782055590226044,5
lcld_v2,label-flip,1,B,mcc,0.08165105759138223,0.020800708369476232,0.0652445327375277,0.0256248634217862,-0.016406524853854534,0.036371646680864976,-20.0934627643894,-0.01940287973436736,0.017737074680419476,84.55716408319776,5
lcld_v2,label-flip,4,A,ce,0.45212202084798586,0.001051480986113927,0.4579388574331486,0.0013061361799907006,0.00581683658516281,0.0005002157783992085,1.2865634313172656,0.01956929735176265,0.0009055969449371549,29.72429965472866,5
lcld_v2,label-flip,4,A,roc_auc,0.7106832879240919,0.0015404087779154535,0.7067544929863266,0.0033954989560213552,-0.0039287949377650785,0.0032031592377312077,-0.5528193788320394,-0.008075048517298811,0.0006777915331721383,48.65351495224578,5
lcld_v2,label-flip,4,A,accuracy,0.8038000000000001,0.0007483314773547889,0.8028000000000001,0.0007483314773547889,-0.0010000000000000009,0.0014142135623730963,-0.12440905697934819,-0.0036000000000000034,0.000489897948556636,27.777777777777775,5
lcld_v2,label-flip,4,A,balanced_accuracy,0.5066274313962236,0.004469585424525017,0.5021739542704705,0.003337034074129926,-0.0044534771257530355,0.007077061558190186,-0.8790438199289009,-0.01909716734833211,0.001850474251925917,23.32009268454145,5
lcld_v2,label-flip,4,A,mcc,0.06382494458513766,0.03359912576945234,0.019910199525215756,0.03411753185966992,-0.04391474505992189,0.06290403039452061,-68.80498736875978,-0.06957278977863617,0.007609158707088503,63.12057515538476,5
lcld_v2,label-flip,4,B,ce,0.4516123439985552,0.002399805850010673,0.4555673898734467,0.0016349245559724621,0.003955045874891439,0.0029674461866021754,0.8757612424571131,0.01956929735176265,0.0009055969449371549,20.210464401447705,5
lcld_v2,label-flip,4,B,roc_auc,0.7126840338578048,0.005654392557337866,0.7112579097420207,0.003486649436543041,-0.001426124115784111,0.00722007056513531,-0.2001060846086882,-0.008075048517298811,0.0006777915331721383,17.660873649600862,5
lcld_v2,label-flip,4,B,accuracy,0.8034000000000001,0.0010198039027185578,0.8034000000000001,0.0008000000000000007,0.0,0.0010954451150103333,0.0,-0.0036000000000000034,0.000489897948556636,-0.0,5
lcld_v2,label-flip,4,B,balanced_accuracy,0.5105922587252119,0.005127428396155979,0.5036967969100645,0.0024301366927308022,-0.00689546181514753,0.006276312894885028,-1.3504830316784135,-0.01909716734833211,0.001850474251925917,36.10724925521354,5
lcld_v2,label-flip,4,B,mcc,0.08165105759138223,0.020800708369476232,0.0547750864971935,0.020448565300360606,-0.026875971094188746,0.03335967665459803,-32.915643577683845,-0.06957278977863617,0.007609158707088503,38.63000345350762,5
lcld_v2,label-flip,16,A,ce,0.45212202084798586,0.001051480986113927,0.4871298341252011,0.010858577532600246,0.035007813277215284,0.010124224380622064,7.743001150785739,0.04367463601731688,0.0013491007846475709,80.15593596094259,5
lcld_v2,label-flip,16,A,roc_auc,0.7106832879240919,0.0015404087779154535,0.6521862811411523,0.012147595229064834,-0.058497006782939585,0.011322729249689694,-8.231093621718546,-0.060420630756490644,0.002159724274008712,96.81627955639239,5
lcld_v2,label-flip,16,A,accuracy,0.8038000000000001,0.0007483314773547889,0.7892,0.007082372483850316,-0.014600000000000012,0.0070597450378891225,-1.8163722318984836,-0.02100000000000002,0.0014142135623730963,69.52380952380952,5
lcld_v2,label-flip,16,A,balanced_accuracy,0.5066274313962236,0.004469585424525017,0.522436801082236,0.004471837543932307,0.015809369686012452,0.007589463049068258,3.120511979077629,-0.021503751793717774,0.001286829712768961,-73.5191227915451,5
lcld_v2,label-flip,16,A,mcc,0.06382494458513766,0.03359912576945234,0.08655627485528936,0.010201092174250859,0.022731330270151718,0.02883249090242411,35.61511947704058,-0.11285063746039363,0.00547765928502844,-20.14284613866676,5
lcld_v2,label-flip,16,B,ce,0.4516123439985552,0.002399805850010673,0.4617364303603207,0.0006004013927584948,0.010124086361765362,0.0026296484389668217,2.241764756057631,0.04367463601731688,0.0013491007846475709,23.180700024039552,5
lcld_v2,label-flip,16,B,roc_auc,0.7126840338578048,0.005654392557337866,0.6890202350323343,0.001994889351162335,-0.02366379882547054,0.006323851541249812,-3.3203772922169823,-0.060420630756490644,0.002159724274008712,39.165097300690576,5
lcld_v2,label-flip,16,B,accuracy,0.8034000000000001,0.0010198039027185578,0.8030000000000002,1.1102230246251565e-16,-0.00040000000000000034,0.0010198039027185578,-0.049788399302962444,-0.02100000000000002,0.0014142135623730963,1.9047619047619047,5
lcld_v2,label-flip,16,B,balanced_accuracy,0.5105922587252119,0.005127428396155979,0.5,0.0,-0.010592258725211922,0.005127428396155979,-2.07450437099408,-0.021503751793717774,0.001286829712768961,49.25772407913676,5
lcld_v2,label-flip,16,B,mcc,0.08165105759138223,0.020800708369476232,0.0,0.0,-0.08165105759138223,0.020800708369476232,-100.0,-0.11285063746039363,0.00547765928502844,72.35320901048406,5
lcld_v2,label-flip,64,A,ce,0.45212202084798586,0.001051480986113927,1.0692969171950533,0.015961324819365613,0.6171748963470677,0.016670417914344742,136.50626775256686,0.71697460909437,0.008305012945901814,86.0804397420207,5
lcld_v2,label-flip,64,A,roc_auc,0.7106832879240919,0.0015404087779154535,0.37174428380881336,0.010808342525713473,-0.3389390041152784,0.01102518175982245,-47.691990212028244,-0.33363718542774257,0.00295999002889086,101.58909705485573,5
lcld_v2,label-flip,64,A,accuracy,0.8038000000000001,0.0007483314773547889,0.323,0.0058309518948453055,-0.48080000000000006,0.006046486583132395,-59.815874595670564,-0.47280000000000005,0.005670978751503135,101.69204737732656,5
lcld_v2,label-flip,64,A,balanced_accuracy,0.5066274313962236,0.004469585424525017,0.4267556308513127,0.012408070065372334,-0.07987180054491087,0.013909657476200338,-15.765392001137949,-0.08983064776125067,0.004546472203496151,88.91375330743675,5
lcld_v2,label-flip,64,A,mcc,0.06382494458513766,0.03359912576945234,-0.12904601875722682,0.020938249333818906,-0.19287096334236448,0.034809457042337115,-302.1874356429549,-0.2544025785669425,0.008087456747693362,75.8132894834685,5
lcld_v2,label-flip,64,B,ce,0.4516123439985552,0.002399805850010673,0.8653726206870493,0.0009964386478955815,0.4137602766884939,0.002289376575055393,91.61846043114747,0.71697460909437,0.008305012945901814,57.70919519885448,5
lcld_v2,label-flip,64,B,roc_auc,0.7126840338578048,0.005654392557337866,0.42904337162038286,0.022476565552763592,-0.2836406622374219,0.02577500701934027,-39.798935960730965,-0.33363718542774257,0.00295999002889086,85.01470298455428,5
lcld_v2,label-flip,64,B,accuracy,0.8034000000000001,0.0010198039027185578,0.197,0.0,-0.6064,0.0010198039027185751,-75.47921334329101,-0.47280000000000005,0.005670978751503135,128.25719120135363,5
lcld_v2,label-flip,64,B,balanced_accuracy,0.5105922587252119,0.005127428396155979,0.5,0.0,-0.010592258725211922,0.005127428396155979,-2.07450437099408,-0.08983064776125067,0.004546472203496151,11.79136407138433,5
lcld_v2,label-flip,64,B,mcc,0.08165105759138223,0.020800708369476232,0.0,0.0,-0.08165105759138223,0.020800708369476232,-100.0,-0.2544025785669425,0.008087456747693362,32.095216192903834,5
url_unique,x-capgd,1,A,ce,0.09650652097601148,0.002065327036824107,0.10201615923100256,0.009283846441207317,0.005509638254991081,0.008868622430186865,5.709083903626166,0.001952680647898053,0.0033878618921286763,282.15767186108417,5
url_unique,x-capgd,1,A,roc_auc,0.9932270661289291,0.000591206811654393,0.9927341399398246,0.001239829558469497,-0.000492926189104459,0.0014666259669039482,-0.049628751160157476,-0.0001792458869471103,0.00046131237173391754,274.99999999994736,5
url_unique,x-capgd,1,A,accuracy,0.9686,0.001743559577416271,0.9639999999999999,0.003162277660168382,-0.004600000000000004,0.004127953488110063,-0.47491224447656455,0.004200000000000004,0.0016000000000000012,-109.52380952380952,5
url_unique,x-capgd,1,A,balanced_accuracy,0.9685951603610524,0.0017124802635944448,0.964016388195378,0.0031489922610403787,-0.004578772165674394,0.004099096982020811,-0.4727230067892985,0.004217079572370519,0.0015845834211584246,-108.57685009487642,5
url_unique,x-capgd,1,A,mcc,0.937211957943938,0.0034915328304778383,0.9279950494681977,0.006318889900205037,-0.009216908475740393,0.008269527309805865,-0.9834390606752937,0.008408647261800595,0.0032005598944758636,-109.61226210084499,5
url_unique,x-capgd,1,B,ce,0.09635261319793788,0.0014458492807371559,0.09702065203065265,0.002621157837633597,0.0006680388327147708,0.0018496970005325668,0.6933271558939597,0.001952680647898053,0.0033878618921286763,34.21137160517649,5
url_unique,x-capgd,1,B,roc_auc,0.9930838294603419,0.0002627622233045349,0.9931910569105693,0.0003017568148463762,0.00010722745022733182,0.0003012789866445654,0.01079742183352245,-0.0001792458869471103,0.00046131237173391754,-59.82142857145236,5
url_unique,x-capgd,1,B,accuracy,0.9677999999999999,0.0011661903789690613,0.9663999999999999,0.002870540018881467,-0.0014000000000000013,0.002653299832284322,-0.14465798718743555,0.004200000000000004,0.0016000000000000012,-33.33333333333333,5
url_unique,x-capgd,1,B,balanced_accuracy,0.9678589718968056,0.0011868373359953579,0.9664298060303438,0.002870429280529923,-0.0014291658664618457,0.0026522492577372827,-0.14766261490152569,0.004217079572370519,0.0015845834211584246,-33.8899430740046,5
url_unique,x-capgd,1,B,mcc,0.9356381443694775,0.002346607341914548,0.9328006499605953,0.005741133196560761,-0.002837494408881991,0.005309053256359163,-0.3032683549679525,0.008408647261800595,0.0032005598944758636,-33.74495707261219,5
url_unique,x-capgd,4,A,ce,0.09650652097601148,0.002065327036824107,0.0999856677383407,0.0026113162468591627,0.0034791467623292134,0.0030109301845333697,3.6050898189501837,0.005930682735641823,0.00424389015766859,58.66351173062198,5
url_unique,x-capgd,4,A,roc_auc,0.9932270661289291,0.000591206811654393,0.9932678765764036,0.00023832943239909314,4.081044747454854e-05,0.000742926319940777,0.004108873878518631,-0.0006249599897574454,0.0006320119038548547,-6.530089628679681,5
url_unique,x-capgd,4,A,accuracy,0.9686,0.001743559577416271,0.9640000000000001,0.0020000000000000018,-0.004600000000000004,0.003006659275674584,-0.47491224447656455,0.0014000000000000013,0.0018547236990991425,-328.57142857142856,5
url_unique,x-capgd,4,A,balanced_accuracy,0.9685951603610524,0.0017124802635944448,0.9640099865565585,0.001987884091893124,-0.004585173804493947,0.002989113787175071,-0.4733839267568488,0.0014675756993789868,0.0018478502607419775,-312.4318429662054,5
url_unique,x-capgd,4,A,mcc,0.937211957943938,0.0034915328304778383,0.9279933182589224,0.003993027548186493,-0.00921863968501575,0.006012008894123274,-0.9836237797519852,0.00283412284971174,0.003699046672462515,-325.27311531161683,5
url_unique,x-capgd,4,B,ce,0.09635261319793788,0.0014458492807371559,0.09596553619985644,0.004299497109296328,-0.00038707699808143426,0.0043233358702488055,-0.4017296316460656,0.005930682735641823,0.00424389015766859,-6.526685296369077,5
url_unique,x-capgd,4,B,roc_auc,0.9930838294603419,0.0002627622233045349,0.9935159400806608,0.0005956266108328083,0.0004321106203188263,0.0005580647228968962,0.04351199843357054,-0.0006249599897574454,0.0006320119038548547,-69.14212548015013,5
url_unique,x-capgd,4,B,accuracy,0.9677999999999999,0.0011661903789690613,0.9666,0.001959591794226544,-0.001200000000000001,0.002315167380558047,-0.12399256044637333,0.0014000000000000013,0.0018547236990991425,-85.71428571428571,5
url_unique,x-capgd,4,B,balanced_accuracy,0.9678589718968056,0.0011868373359953579,0.9666266564240444,0.001951093071531166,-0.0012323154727610808,0.0022883228584787327,-0.12732386727231496,0.0014675756993789868,0.0018478502607419775,-83.96946564886174,5
url_unique,x-capgd,4,B,mcc,0.9356381443694775,0.002346607341914548,0.9332014569896886,0.003911631221288181,-0.002436687379788771,0.004595183303626194,-0.26043053016300916,0.00283412284971174,0.003699046672462515,-85.97677337934056,5
url_unique,x-capgd,16,A,ce,0.09650652097601148,0.002065327036824107,0.10750697643694793,0.0033371016335977874,0.011000455460936467,0.003876562045558656,11.398665447354421,0.016938538639999914,0.003446150669022987,64.943356063546,5
url_unique,x-capgd,16,A,roc_auc,0.9932270661289291,0.000591206811654393,0.99182830804686,0.0008189524930282522,-0.0013987580820690403,0.0011612861091729078,-0.14082963803238424,-0.001822866653863442,0.0004917231146327919,76.73397717295819,5
url_unique,x-capgd,16,A,accuracy,0.9686,0.001743559577416271,0.9644,0.0021540659228538035,-0.004200000000000004,0.0032496153618543867,-0.433615527565559,-0.0006000000000000005,0.0013564659966250547,700.0000000000001,5
url_unique,x-capgd,16,A,balanced_accuracy,0.9685951603610524,0.0017124802635944448,0.9643652775110428,0.0021565329257762908,-0.004229882850009603,0.0032349723921401125,-0.43670286855788926,-0.0005969528199219143,0.001337664901459366,708.5790884718331,5
url_unique,x-capgd,16,A,mcc,0.937211957943938,0.0034915328304778383,0.928787013495995,0.004306770891643489,-0.008424944447942973,0.006512260299582458,-0.8989369348664387,-0.001184530173332554,0.0027151219168624115,711.2477704337624,5
url_unique,x-capgd,16,B,ce,0.09635261319793788,0.0014458492807371559,0.10231556310128867,0.0038334828106459523,0.0059629499033507895,0.0037176451836156933,6.188674811653585,0.016938538639999914,0.003446150669022987,35.2034495423911,5
url_unique,x-capgd,16,B,roc_auc,0.9930838294603419,0.0002627622233045349,0.9926221112604827,0.0005366446037098847,-0.0004617181998591402,0.0006029882061011719,-0.04649337610401384,-0.001822866653863442,0.0004917231146327919,25.329236172078733,5
url_unique,x-capgd,16,B,accuracy,0.9677999999999999,0.0011661903789690613,0.9655999999999999,0.0034409301068170535,-0.002200000000000002,0.003544009029333873,-0.22731969415168446,-0.0006000000000000005,0.0013564659966250547,366.6666666666667,5
url_unique,x-capgd,16,B,balanced_accuracy,0.9678589718968056,0.0011868373359953579,0.9655911913449842,0.0034511305530389165,-0.00226778055182133,0.0035890828148300536,-0.2343089869154123,-0.0005969528199219143,0.001337664901459366,379.89276139410345,5
url_unique,x-capgd,16,B,mcc,0.9356381443694775,0.002346607341914548,0.9311837449062319,0.006884992373053444,-0.004454399463245484,0.007132442252327784,-0.4760814306312068,-0.001184530173332554,0.0027151219168624115,376.04778362998456,5
url_unique,x-capgd,64,A,ce,0.09650652097601148,0.002065327036824107,0.12631200241085058,0.007292217307265276,0.029805481434839114,0.007327202898872947,30.8844222477441,0.04770816373326721,0.02074240950683707,62.474593659649834,5
url_unique,x-capgd,64,A,roc_auc,0.9932270661289291,0.000591206811654393,0.9888883554189872,0.001257853306279628,-0.00433871070994174,0.0012973825684325084,-0.43682968959471946,-0.006020741309775346,0.0023285540476004987,72.06273258904778,5
url_unique,x-capgd,64,A,accuracy,0.9686,0.001743559577416271,0.9602,0.003919183588453088,-0.008400000000000008,0.004223742416388579,-0.867231055131118,-0.007600000000000007,0.008428523002282199,110.5263157894737,5
url_unique,x-capgd,64,A,balanced_accuracy,0.9685951603610524,0.0017124802635944448,0.9601738044939505,0.003886498669046738,-0.008421355867101975,0.004129307017511998,-0.869440217310485,-0.007435503488893191,0.008345768186378388,113.25871717606486,5
url_unique,x-capgd,64,A,mcc,0.937211957943938,0.0034915328304778383,0.9204222415991383,0.007840915589719444,-0.016789716344799754,0.008470129632848825,-1.7914534916555216,-0.014911368722257934,0.01659510407861725,112.59674854487399,5
url_unique,x-capgd,64,B,ce,0.09635261319793788,0.0014458492807371559,0.11652589641236728,0.005899605443559865,0.0201732832144294,0.005766119549419223,20.936934188787678,0.04770816373326721,0.02074240950683707,42.28476142409657,5
url_unique,x-capgd,64,B,roc_auc,0.9930838294603419,0.0002627622233045349,0.9902999167786953,0.0010392427735120835,-0.002783912681646483,0.0009382360093046059,-0.28033007879700417,-0.006020741309775346,0.0023285540476004987,46.23870281764955,5
url_unique,x-capgd,64,B,accuracy,0.9677999999999999,0.0011661903789690613,0.9603999999999999,0.0033823069050575552,-0.007400000000000006,0.0034409301068170535,-0.7646207894193022,-0.007600000000000007,0.008428523002282199,97.36842105263158,5
url_unique,x-capgd,64,B,balanced_accuracy,0.9678589718968056,0.0011868373359953579,0.9603194417770948,0.003395786557463319,-0.007539530119710669,0.003469525833189736,-0.7789905697660406,-0.007435503488893191,0.008345768186378388,101.39905294877298,5
url_unique,x-capgd,64,B,mcc,0.9356381443694775,0.002346607341914548,0.920829498050524,0.006755147537523022,-0.014808646318953156,0.0068590787240240545,-1.582732214165193,-0.014911368722257934,0.01659510407861725,99.31111351869768,5
url_unique,label-flip,1,A,ce,0.09650652097601148,0.002065327036824107,0.11284279849580481,0.006004693725871571,0.01633627751979334,0.00648862127889085,16.927641111271676,0.022929601118943328,0.0027236556118696376,71.24536286109704,5
url_unique,label-flip,1,A,roc_auc,0.9932270661289291,0.000591206811654393,0.9916482619550605,0.0016803303520812915,-0.0015788041738685533,0.0020298195722129246,-0.1589570227905581,-0.002592663721912869,0.0006209197789695442,60.89506172839532,5
url_unique,label-flip,1,A,accuracy,0.9686,0.001743559577416271,0.9628,0.004489988864128734,-0.005800000000000005,0.0062096698785040145,-0.5988023952095813,-0.0064000000000000055,0.0021540659228538035,90.625,5
url_unique,label-flip,1,A,balanced_accuracy,0.9685951603610524,0.0017124802635944448,0.9627072530567826,0.0045261827424972435,-0.005887907304269868,0.006220997357133409,-0.6078811401530334,-0.006382433903079221,0.0022151867300891394,92.25175526579653,5
url_unique,label-flip,1,A,mcc,0.937211957943938,0.0034915328304778383,0.9256431386933297,0.008944662477248694,-0.01156881925060831,0.012385025275999767,-1.2343866456834443,-0.012759972960794208,0.0043100840424263355,90.66491979375041,5
url_unique,label-flip,1,B,ce,0.09635261319793788,0.0014458492807371559,0.10696927822979392,0.0032514229229661743,0.010616665031856029,0.0021748138486315165,11.018554328200873,0.022929601118943328,0.0027236556118696376,46.301132657231676,5
url_unique,label-flip,1,B,roc_auc,0.9930838294603419,0.0002627622233045349,0.9920619678637731,0.00036400966040629724,-0.0010218615965687627,0.0002711336830438291,-0.10289781851790489,-0.002592663721912869,0.0006209197789695442,39.413580246914265,5
url_unique,label-flip,1,B,accuracy,0.9677999999999999,0.0011661903789690613,0.9633999999999998,0.0024166091947189165,-0.004400000000000004,0.0024166091947189165,-0.4546393883033689,-0.0064000000000000055,0.0021540659228538035,68.75,5
url_unique,label-flip,1,B,balanced_accuracy,0.9678589718968056,0.0011868373359953579,0.9633490173484412,0.00245068350494654,-0.004509954548364381,0.002465621130023202,-0.4659722830822958,-0.006382433903079221,0.0022151867300891394,70.66198595787326,5
url_unique,label-flip,1,B,mcc,0.9356381443694775,0.002346607341914548,0.9267980511395757,0.0048086661984473094,-0.008840093229901647,0.004821366409406968,-0.9448196702004863,-0.012759972960794208,0.0043100840424263355,69.27987431527771,5
url_unique,label-flip,4,A,ce,0.09650652097601148,0.002065327036824107,0.1441268744531627,0.002982065207670031,0.0476203534771512,0.004359683393023156,49.344182129400494,0.052850213018351855,0.002168620026211193,90.10437377161635,5
url_unique,label-flip,4,A,roc_auc,0.9932270661289291,0.000591206811654393,0.9895685295435632,0.0005621938838262085,-0.003658536585365901,0.0010672633037083377,-0.3683484582860726,-0.004828436079636389,0.0005552545301773628,75.77063307921873,5
url_unique,label-flip,4,A,accuracy,0.9686,0.001743559577416271,0.9443999999999999,0.0024166091947189165,-0.02420000000000002,0.0036000000000000034,-2.4984513731158393,-0.02040000000000002,0.002653299832284322,118.62745098039215,5
url_unique,label-flip,4,A,balanced_accuracy,0.9685951603610524,0.0017124802635944448,0.9439504513155368,0.002446997654251818,-0.02464470904551559,0.0036033621673581505,-2.5443766450711003,-0.020808526982907603,0.002658788728981391,118.43562528841699,5
url_unique,label-flip,4,A,mcc,0.937211957943938,0.0034915328304778383,0.8900038944205095,0.004673818032618425,-0.047208063523428476,0.0070969123235751,-5.037074391047448,-0.039659903131970944,0.005288769148478067,119.03222094703695,5
url_unique,label-flip,4,B,ce,0.09635261319793788,0.0014458492807371559,0.1395218385236617,0.0033648512576388507,0.04316922532572383,0.0028918330714535613,44.803377815027154,0.052850213018351855,0.002168620026211193,81.68221632471685,5
url_unique,label-flip,4,B,roc_auc,0.9930838294603419,0.0002627622233045349,0.9896957621151016,0.0007827197945568037,-0.003388067345240353,0.000784594226823257,-0.3411662988291215,-0.004828436079636389,0.0005552545301773628,70.16904209479554,5
url_unique,label-flip,4,B,accuracy,0.9677999999999999,0.0011661903789690613,0.9467999999999999,0.0038157568056677855,-0.02100000000000002,0.003898717737923589,-2.1698698078115335,-0.02040000000000002,0.002653299832284322,102.94117647058823,5
url_unique,label-flip,4,B,balanced_accuracy,0.9678589718968056,0.0011868373359953579,0.9463830740669611,0.0038698277311393975,-0.021475897829844447,0.00394918209126433,-2.2189077596456106,-0.020808526982907603,0.002658788728981391,103.20719889247822,5
url_unique,label-flip,4,B,mcc,0.9356381443694775,0.002346607341914548,0.8946650869614559,0.0073407840157609225,-0.040973057408021506,0.007473437807100806,-4.379156370931529,-0.039659903131970944,0.005288769148478067,103.31103752745173,5
url_unique,label-flip,16,A,ce,0.09650652097601148,0.002065327036824107,0.27827256140119827,0.005546833474334147,0.18176604042518676,0.006073049806319873,188.34586366486897,0.2029132554222665,0.004257666650607143,89.5781993379033,5
url_unique,label-flip,16,A,roc_auc,0.9932270661289291,0.000591206811654393,0.9754001024262211,0.0020628477150672125,-0.017826963702707886,0.002504082004952207,-1.794852789522532,-0.032846808783048465,0.0008673150149704257,54.273046189826516,5
url_unique,label-flip,16,A,accuracy,0.9686,0.001743559577416271,0.8686,0.004498888751680801,-0.09999999999999998,0.004604345773288539,-10.324179227751392,-0.10439999999999998,0.004963869458396347,95.78544061302682,5
url_unique,label-flip,16,A,balanced_accuracy,0.9685951603610524,0.0017124802635944448,0.867007553933807,0.00453382087483788,-0.10158760642724537,0.004609111598729244,-10.488138965032377,-0.10582229050636967,0.00500367422382083,95.9983061613381,5
url_unique,label-flip,16,A,mcc,0.937211957943938,0.0034915328304778383,0.7508038674201465,0.00861058940175986,-0.18640809052379145,0.008880257540866405,-19.889640645722743,-0.19808725194034377,0.009507316566471911,94.10403178288846,5
url_unique,label-flip,16,B,ce,0.09635261319793788,0.0014458492807371559,0.2711583762855349,0.0025992557419931735,0.17480576308759704,0.003353359034399499,181.42296019360916,0.2029132554222665,0.004257666650607143,86.14802553131524,5
url_unique,label-flip,16,B,roc_auc,0.9930838294603419,0.0002627622233045349,0.9770669291338583,0.0017109072144195852,-0.016016900326483553,0.0017878775577954654,-1.6128447419375864,-0.032846808783048465,0.0008673150149704257,48.76242447865904,5
url_unique,label-flip,16,B,accuracy,0.9677999999999999,0.0011661903789690613,0.8672000000000001,0.0063055531081737835,-0.10059999999999998,0.007172168430816451,-10.394709650754288,-0.10439999999999998,0.004963869458396347,96.36015325670499,5
url_unique,label-flip,16,B,balanced_accuracy,0.9678589718968056,0.0011868373359953579,0.8655271749567888,0.006394712099822274,-0.10233179694001668,0.00729606651804293,-10.57300700942693,-0.10582229050636967,0.00500367422382083,96.70155167720274,5
url_unique,label-flip,16,B,mcc,0.9356381443694775,0.002346607341914548,0.7494818294872678,0.011203376905794746,-0.18615631488220954,0.013034568619616889,-19.89618700375448,-0.19808725194034377,0.009507316566471911,93.97692837814351,5
url_unique,label-flip,64,A,ce,0.09650652097601148,0.002065327036824107,1.2993991562709302,0.05723372597006234,1.2028926352949185,0.05578800815489682,1246.4366377831818,1.7262841058946488,0.0036907803817066206,69.68103518925223,5
url_unique,label-flip,64,A,roc_auc,0.9932270661289291,0.000591206811654393,0.1855779079444338,0.005133325417342745,-0.8076491581844951,0.005275757692402161,-81.3156614159018,-0.7819513795531656,0.0010052414013738066,103.28636527836476,5
url_unique,label-flip,64,A,accuracy,0.9686,0.001743559577416271,0.2548,0.008182909018191522,-0.7138,0.00874985714169095,-73.69399132768945,-0.6681999999999999,0.0018330302779823472,106.8243041005687,5
url_unique,label-flip,64,A,balanced_accuracy,0.9685951603610524,0.0017124802635944448,0.2564976634018309,0.00818837704061953,-0.7120974969592216,0.00874760960091906,-73.51858920023729,-0.6671387875296075,0.001872397280623522,106.73903395665162,5
url_unique,label-flip,64,A,mcc,0.937211957943938,0.0034915328304778383,-0.4991885783402859,0.016752235497720654,-1.436400536284224,0.01779555357893878,-153.2631465176148,-1.3380574960630607,0.003506706889833095,107.34968717790649,5
url_unique,label-flip,64,B,ce,0.09635261319793788,0.0014458492807371559,0.7039646024493191,0.00014291848981047038,0.6076119892513814,0.0015415619950556719,630.6128802165019,1.7262841058946488,0.0036907803817066206,35.19768195609296,5
url_unique,label-flip,64,B,roc_auc,0.9930838294603419,0.0002627622233045349,0.18248271557518725,0.03923747680789723,-0.8106011138851545,0.039068774539388944,-81.62464132817956,-0.7819513795531656,0.0010052414013738066,103.66387669120301,5
url_unique,label-flip,64,B,accuracy,0.9677999999999999,0.0011661903789690613,0.492,0.0,-0.4758,0.001166190378969061,-49.16305021698699,-0.6681999999999999,0.0018330302779823472,71.20622568093385,5
url_unique,label-flip,64,B,balanced_accuracy,0.9678589718968056,0.0011868373359953579,0.5,0.0,-0.46785897189680553,0.0011868373359953579,-48.339581021798836,-0.6671387875296075,0.001872397280623522,70.12918160991232,5
url_unique,label-flip,64,B,mcc,0.9356381443694775,0.002346607341914548,0.0,0.0,-0.9356381443694775,0.002346607341914548,-100.0,-1.3380574960630607,0.003506706889833095,69.92510763718201,5
wids,x-capgd,1,A,ce,0.21552506096347876,0.0024997091760511616,0.21421637878865213,0.002991259766924394,-0.0013086821748265975,0.0011891911918298246,-0.6072064979247851,0.003151938002267102,0.0005544416701798333,-41.51992120039476,5
wids,x-capgd,1,A,roc_auc,0.8712136752136752,0.0043435501416998696,0.8723369963369961,0.0032629904679031367,0.0011233211233210526,0.0013851557929241312,0.12893749894887097,-0.003291819291819387,0.0005378285160743193,-34.12462908011556,5
wids,x-capgd,1,A,accuracy,0.9192,0.0033105890714493725,0.9194000000000001,0.0030066592756745844,0.00020000000000000017,0.002638181191654586,0.02175805047867713,0.0,0.0,,5
wids,x-capgd,1,A,balanced_accuracy,0.6402197802197802,0.006494923155774148,0.6403296703296703,0.015618156850729936,0.0001098901098901095,0.014986485623209882,0.017164435290078897,0.0,0.0,,5
wids,x-capgd,1,A,mcc,0.38861058181381297,0.021920861414710363,0.3885819277673081,0.031247191654084662,-2.8654046504861252e-05,0.025627107032387623,-0.007373460179885086,0.0,0.0,,5
wids,x-capgd,1,B,ce,0.21394601835711113,0.003782118797846118,0.2149326577882554,0.0024077834997440002,0.000986639431144265,0.002959880967785545,0.46116279177367125,0.003151938002267102,0.0005544416701798333,31.302628111168506,5
wids,x-capgd,1,B,roc_auc,0.8708351648351649,0.007096828832551348,0.87001221001221,0.0018532851908890384,-0.0008229548229548245,0.00558334153575058,-0.09450179048644604,-0.003291819291819387,0.0005378285160743193,24.999999999999325,5
wids,x-capgd,1,B,accuracy,0.9188000000000001,0.002785677655436826,0.9184000000000001,0.002059126028197402,-0.00040000000000000034,0.0036110940170535604,-0.04353504571179803,0.0,0.0,,5
wids,x-capgd,1,B,balanced_accuracy,0.6410012210012209,0.004816474526189323,0.6457875457875457,0.008264203146404324,0.004786324786324769,0.008141487452067353,0.7466951121947476,0.0,0.0,,5
wids,x-capgd,1,B,mcc,0.3873110223082024,0.018829140042876454,0.390564448658857,0.015482245691897923,0.00325342635065462,0.022895700444423864,0.840003553543516,0.0,0.0,,5
wids,x-capgd,4,A,ce,0.21552506096347876,0.0024997091760511616,0.21700046427663722,0.002737871550485535,0.0014754033131584687,0.002378511706266679,0.684562299420242,0.01894437579080972,0.00211030591509323,7.788080903009828,5
wids,x-capgd,4,A,roc_auc,0.8712136752136752,0.0043435501416998696,0.8699096459096459,0.003618826810471335,-0.0013040293040293082,0.0014343184028354444,-0.1496796183450036,-0.02087423687423695,0.003956696610267797,6.247075339260643,5
wids,x-capgd,4,A,accuracy,0.9192,0.0033105890714493725,0.9178000000000001,0.0014696938456699082,-0.0014000000000000013,0.0028000000000000026,-0.15230635335073991,-0.0008000000000000007,0.001166190378969061,175.0,5
wids,x-capgd,4,A,balanced_accuracy,0.6402197802197802,0.006494923155774148,0.6294383394383394,0.007574676690974749,-0.010781440781440766,0.0081050572404789,-1.6840218179044106,-0.008449328449328464,0.004394349298496002,127.60115606936375,5
wids,x-capgd,4,A,mcc,0.38861058181381297,0.021920861414710363,0.36845586913220896,0.014998157228212853,-0.020154712681604015,0.02102723481206685,-5.186351999869197,-0.012407489186043886,0.010212739279832904,162.4398972217063,5
wids,x-capgd,4,B,ce,0.21394601835711113,0.003782118797846118,0.215453410952993,0.0010042034348745582,0.0015073925958819013,0.003636169202595873,0.7045667909396728,0.01894437579080972,0.00211030591509323,7.956939898822987,5
wids,x-capgd,4,B,roc_auc,0.8708351648351649,0.007096828832551348,0.872051282051282,0.0015194083462062046,0.0012161172161171852,0.006440966497928803,0.13964953015504106,-0.02087423687423695,0.003956696610267797,-5.825924192793466,5
wids,x-capgd,4,B,accuracy,0.9188000000000001,0.002785677655436826,0.9164,0.001743559577416271,-0.002400000000000002,0.0018547236990991423,-0.2612102742707882,-0.0008000000000000007,0.001166190378969061,300.0,5
wids,x-capgd,4,B,balanced_accuracy,0.6410012210012209,0.004816474526189323,0.6356776556776557,0.002872754069707948,-0.005323565323565327,0.003796391063701922,-0.8305078288696719,-0.008449328449328464,0.004394349298496002,63.005780346820735,5
wids,x-capgd,4,B,mcc,0.3873110223082024,0.018829140042876454,0.3693733379503831,0.010432571512401371,-0.017937684357819263,0.011217099743268698,-4.631338465638958,-0.012407489186043886,0.010212739279832904,144.57142850461491,5
wids,x-capgd,16,A,ce,0.21552506096347876,0.0024997091760511616,0.22461028544155157,0.003102905966718101,0.009085224478072817,0.0015318105746988228,4.215391211332184,0.06364615899247691,0.02395957064864281,14.274584078430728,5
wids,x-capgd,16,A,roc_auc,0.8712136752136752,0.0043435501416998696,0.864918192918193,0.004560032705337903,-0.0062954822954822244,0.0029112786623581833,-0.7226105919352316,-0.05389010989010996,0.014126393348439752,11.682073590719446,5
wids,x-capgd,16,A,accuracy,0.9192,0.0033105890714493725,0.9164000000000001,0.004127953488110062,-0.0028000000000000026,0.003762977544445359,-0.30461270670147983,-0.013000000000000012,0.005366563145999499,21.53846153846154,5
wids,x-capgd,16,A,balanced_accuracy,0.6402197802197802,0.006494923155774148,0.6306715506715507,0.012386791098813037,-0.009548229548229514,0.009648892137170241,-1.4913987107601885,-0.04318681318681321,0.01650338421890219,22.109132032796065,5
wids,x-capgd,16,A,mcc,0.38861058181381297,0.021920861414710363,0.36322991524835274,0.03385075511500693,-0.02538066656546023,0.027136895866773723,-6.531131099672512,-0.11689937599945836,0.04678938051373554,21.71155008182236,5
wids,x-capgd,16,B,ce,0.21394601835711113,0.003782118797846118,0.22166798228582282,0.003281372625934341,0.0077219639287117005,0.00654344535199565,3.609304808759035,0.06364615899247691,0.02395957064864281,12.13264720283348,5
wids,x-capgd,16,B,roc_auc,0.8708351648351649,0.007096828832551348,0.8664371184371185,0.002804662927554097,-0.0043980463980464405,0.006780071028844473,-0.505037758653088,-0.05389010989010996,0.014126393348439752,8.161138299800685,5
wids,x-capgd,16,B,accuracy,0.9188000000000001,0.002785677655436826,0.9148000000000002,0.002925747767665561,-0.0040000000000000036,0.0018973665961010292,-0.4353504571179803,-0.013000000000000012,0.005366563145999499,30.76923076923077,5
wids,x-capgd,16,B,balanced_accuracy,0.6410012210012209,0.004816474526189323,0.6317948717948718,0.0047958155138693274,-0.009206349206349195,0.006186681976587239,-1.436245190292962,-0.04318681318681321,0.01650338421890219,21.31750070681365,5
wids,x-capgd,16,B,mcc,0.3873110223082024,0.018829140042876454,0.3576095775557776,0.017849339345723036,-0.029701444752424734,0.013346033613404485,-7.66862883876045,-0.11689937599945836,0.04678938051373554,25.407701707973487,5
wids,x-capgd,64,A,ce,0.21552506096347876,0.0024997091760511616,0.2518744970614412,0.007122086945351221,0.03634943609796246,0.008709020407336244,16.86552641974288,1.0695961200508655,0.5336671087188806,3.3984263234083008,5
wids,x-capgd,64,A,roc_auc,0.8712136752136752,0.0043435501416998696,0.8383663003663004,0.0042613285471504924,-0.03284737484737488,0.00644364535393635,-3.770300648611683,-0.3820463980463982,0.10797187874528909,8.59774493761506,5
wids,x-capgd,64,A,accuracy,0.9192,0.0033105890714493725,0.9036,0.003261901286060021,-0.015600000000000013,0.005200000000000005,-1.697127937336816,-0.3482,0.2216884300093264,4.4801838024124105,5
wids,x-capgd,64,A,balanced_accuracy,0.6402197802197802,0.006494923155774148,0.6126251526251527,0.00503866832622785,-0.02759462759462754,0.01131875376188762,-4.310180417286485,-0.19932844932844934,0.06978467955030049,13.843797856048976,5
wids,x-capgd,64,A,mcc,0.38861058181381297,0.021920861414710363,0.28864585090677525,0.01709497334412696,-0.09996473090703774,0.03548359537349126,-25.723625548346952,-0.4811781705871727,0.09046344342158238,20.77499292726697,5
wids,x-capgd,64,B,ce,0.21394601835711113,0.003782118797846118,0.23222964430988696,0.003960698740854139,0.018283625952775873,0.0029182780907542,8.545906155756304,1.0695961200508655,0.5336671087188806,1.709395313803717,5
wids,x-capgd,64,B,roc_auc,0.8708351648351649,0.007096828832551348,0.8538485958485958,0.0027002562777219677,-0.016986568986568962,0.008649707089656072,-1.9506066902780903,-0.3820463980463982,0.10797187874528909,4.446205768050718,5
wids,x-capgd,64,B,accuracy,0.9188000000000001,0.002785677655436826,0.9118,0.002785677655436826,-0.007000000000000006,0.002280350850198278,-0.7618632999564656,-0.3482,0.2216884300093264,2.0103388856978763,5
wids,x-capgd,64,B,balanced_accuracy,0.6410012210012209,0.004816474526189323,0.6261416361416361,0.007166913145743873,-0.014859584859584829,0.006928210976923705,-2.318183549849514,-0.19932844932844934,0.06978467955030049,7.4548238897396475,5
wids,x-capgd,64,B,mcc,0.3873110223082024,0.018829140042876454,0.3374833806631319,0.015615956060209294,-0.049827641645070475,0.01162682259011123,-12.865020300253725,-0.4811781705871727,0.09046344342158238,10.355341262523762,5
wids,label-flip,1,A,ce,0.21552506096347876,0.0024997091760511616,0.2167579688429575,0.0024554360694332028,0.0012329078794787618,0.0006762455318853633,0.5720485005164578,0.01781313837906536,0.0005276094616001764,6.921340042626735,5
wids,label-flip,1,A,roc_auc,0.8712136752136752,0.0043435501416998696,0.8665909645909646,0.0065197367630409914,-0.004622710622710602,0.004438366142412303,-0.5306058380657109,-0.027008547008547067,0.0030860766609999237,17.115732368896815,5
wids,label-flip,1,A,accuracy,0.9192,0.0033105890714493725,0.9196,0.0027276363393971734,0.00040000000000000034,0.005276362383309172,0.04351610095735426,-0.0032000000000000028,0.001166190378969061,-12.5,5
wids,label-flip,1,A,balanced_accuracy,0.6402197802197802,0.006494923155774148,0.6364346764346764,0.0023655303424099145,-0.0037851037851037938,0.00880341033599986,-0.5912194377693877,-0.007765567765567827,0.0014141492555717363,48.7421383647796,5
wids,label-flip,1,A,mcc,0.38861058181381297,0.021920861414710363,0.3865590815695141,0.01629888952810653,-0.002051500244298876,0.03400968279431181,-0.5279064287759846,-0.02528657603464869,0.0053470741433156894,8.113001307444026,5
wids,label-flip,1,B,ce,0.21394601835711113,0.003782118797846118,0.2168496645128212,0.0026028004843369422,0.00290364615571006,0.003584458081997071,1.3571863491581304,0.01781313837906536,0.0005276094616001764,16.300587206589768,5
wids,label-flip,1,B,roc_auc,0.8708351648351649,0.007096828832551348,0.8643711843711845,0.003814553206148491,-0.006463980463980468,0.006874141882721763,-0.7422737074706894,-0.027008547008547067,0.0030860766609999237,23.933092224231427,5
wids,label-flip,1,B,accuracy,0.9188000000000001,0.002785677655436826,0.9174,0.003261901286060021,-0.0014000000000000013,0.005043808085167401,-0.15237265999129312,-0.0032000000000000028,0.001166190378969061,43.75,5
wids,label-flip,1,B,balanced_accuracy,0.6410012210012209,0.004816474526189323,0.6352258852258852,0.011207500969842897,-0.005775335775335777,0.014050302499996307,-0.9009867042554006,-0.007765567765567827,0.0014141492555717363,74.37106918238936,5
wids,label-flip,1,B,mcc,0.3873110223082024,0.018829140042876454,0.3733603300728844,0.02852130589884754,-0.013950692235318007,0.041425067000459476,-3.6019352488803573,-0.02528657603464869,0.0053470741433156894,55.17034894800389,5
wids,label-flip,4,A,ce,0.21552506096347876,0.0024997091760511616,0.23262475996028265,0.0029194372826547056,0.017099698996803886,0.004016493388458259,7.933972467221095,0.03142898707333393,0.0008033795406453425,54.407413630305015,5
wids,label-flip,4,A,roc_auc,0.8712136752136752,0.0043435501416998696,0.8332796092796093,0.004453221619332438,-0.03793406593406594,0.007349357983862766,-4.3541632797214955,-0.05639560439560454,0.00517544610962131,67.26422447388916,5
wids,label-flip,4,A,accuracy,0.9192,0.0033105890714493725,0.9161999999999999,0.0029257477676655616,-0.0030000000000000027,0.0052153619241621235,-0.32637075718015696,-0.008600000000000007,0.0021540659228538035,34.88372093023256,5
wids,label-flip,4,A,balanced_accuracy,0.6402197802197802,0.006494923155774148,0.6255555555555555,0.005402375060275175,-0.014664224664224634,0.0057491397105637896,-2.290498531487198,-0.024749694749694774,0.003691302975240801,59.25012333497762,5
wids,label-flip,4,A,mcc,0.38861058181381297,0.021920861414710363,0.35629169596824595,0.020834740085888797,-0.03231888584556704,0.03137463107892151,-8.316522338306095,-0.07191081876718211,0.013274316967896525,44.9430091321897,5
wids,label-flip,4,B,ce,0.21394601835711113,0.003782118797846118,0.2275244788397314,0.0023385448076328093,0.013578460482620302,0.005772737771085894,6.34667594512351,0.03142898707333393,0.0008033795406453425,43.20362107419304,5
wids,label-flip,4,B,roc_auc,0.8708351648351649,0.007096828832551348,0.8481001221001222,0.006247750500495134,-0.022735042735042767,0.012110091761770301,-2.6107171199668016,-0.05639560439560454,0.00517544610962131,40.313501342339954,5
wids,label-flip,4,B,accuracy,0.9188000000000001,0.002785677655436826,0.9158000000000002,0.0027856776554368266,-0.0030000000000000027,0.0029664793948382677,-0.32651284283848525,-0.008600000000000007,0.0021540659228538035,34.88372093023256,5
wids,label-flip,4,B,balanced_accuracy,0.6410012210012209,0.004816474526189323,0.6333455433455433,0.01011645012583086,-0.007655677655677651,0.013539444646607132,-1.1943312126176229,-0.024749694749694774,0.003691302975240801,30.932412432165712,5
wids,label-flip,4,B,mcc,0.3873110223082024,0.018829140042876454,0.3635860202631903,0.02398577254364369,-0.023725002045012045,0.030149909618444135,-6.1255685169044565,-0.07191081876718211,0.013274316967896525,32.9922568700322,5
wids,label-flip,16,A,ce,0.21552506096347876,0.0024997091760511616,0.3164133226299911,0.002477178620308564,0.1008882616665124,0.0017238866880865146,46.81045499558316,0.08911508879755495,0.004956476796581028,113.21120028921574,5
wids,label-flip,16,A,roc_auc,0.8712136752136752,0.0043435501416998696,0.8115335775335776,0.07479490264030988,-0.059680097680097674,0.07435855027537054,-6.850225080025338,-0.05883760683760686,0.048610273535393725,101.43189175728392,5
wids,label-flip,16,A,accuracy,0.9192,0.0033105890714493725,0.9124000000000001,0.006216108107168027,-0.006800000000000006,0.007222188034107122,-0.7397737162750224,-0.008400000000000008,0.008309031231136401,80.95238095238095,5
wids,label-flip,16,A,balanced_accuracy,0.6402197802197802,0.006494923155774148,0.5824175824175823,0.044949846149239685,-0.05780219780219777,0.038879148411266044,-9.028492962581527,-0.02964590964590963,0.021766400792196515,194.97528830313016,5
wids,label-flip,16,A,mcc,0.38861058181381297,0.021920861414710363,0.25030318093184467,0.13331123205800477,-0.13830740088196825,0.11959585454824342,-35.59023025992448,-0.07160092316936043,0.0423838877954781,193.16427045894983,5
wids,label-flip,16,B,ce,0.21394601835711113,0.003782118797846118,0.25642450147930607,0.020695987519627628,0.04247848312219497,0.023605216400488956,19.854766846509563,0.08911508879755495,0.004956476796581028,47.666992981058954,5
wids,label-flip,16,B,roc_auc,0.8708351648351649,0.007096828832551348,0.7925824175824177,0.02472333250334608,-0.0782527472527472,0.027289279062793576,-8.985942508139205,-0.05883760683760686,0.048610273535393725,132.9978417863367,5
wids,label-flip,16,B,accuracy,0.9188000000000001,0.002785677655436826,0.915,0.004939635614091392,-0.0038000000000000035,0.006584831053261737,-0.4135829342620813,-0.008400000000000008,0.008309031231136401,45.238095238095234,5
wids,label-flip,16,B,balanced_accuracy,0.6410012210012209,0.004816474526189323,0.602869352869353,0.02323276897861227,-0.038131868131868106,0.024914696713329736,-5.9487980494495,-0.02964590964590963,0.021766400792196515,128.62438220757824,5
wids,label-flip,16,B,mcc,0.3873110223082024,0.018829140042876454,0.31900702083469024,0.05416538912388358,-0.06830400147351212,0.06253727366489975,-17.63543961812666,-0.07160092316936043,0.0423838877954781,95.39542012880202,5
wids,label-flip,64,A,ce,0.21552506096347876,0.0024997091760511616,1.332820679891877,0.023299717562039027,1.1172956189283982,0.023248985377932126,518.4063579120049,1.2317146077466785,0.0033522012791321653,90.71059252698151,5
wids,label-flip,64,A,roc_auc,0.8712136752136752,0.0043435501416998696,0.2528644688644689,0.006890959648500815,-0.6183492063492064,0.009512034924148611,-70.97560838878582,-0.6193626373626374,0.002893916113156811,99.83637517791736,5
wids,label-flip,64,A,accuracy,0.9192,0.0033105890714493725,0.26539999999999997,0.008309031231136403,-0.6538,0.006615134163416496,-71.12706701479549,-0.6492000000000001,0.0016000000000000014,100.70856438693777,5
wids,label-flip,64,A,balanced_accuracy,0.6402197802197802,0.006494923155774148,0.325042735042735,0.002590537608135334,-0.31517704517704515,0.005709613735616915,-49.22950757142312,-0.31965811965811963,0.004770037824640278,98.59816653934301,5
wids,label-flip,64,A,mcc,0.38861058181381297,0.021920861414710363,-0.2222177128067646,0.00480433168250765,-0.6108282946205776,0.019653731238532895,-157.1826201359672,-0.641928296406205,0.005964049943399614,95.15522185893056,5
wids,label-flip,64,B,ce,0.21394601835711113,0.003782118797846118,0.9612521523598536,0.0022387476707154347,0.7473061340027425,0.00510913919171253,349.296584129631,1.2317146077466785,0.0033522012791321653,60.67202006882732,5
wids,label-flip,64,B,roc_auc,0.8708351648351649,0.007096828832551348,0.31825274725274727,0.04001351844061466,-0.5525824175824176,0.04079107952013114,-63.454306841985705,-0.6193626373626374,0.002893916113156811,89.21791277811289,5
wids,label-flip,64,B,accuracy,0.9188000000000001,0.002785677655436826,0.09,0.0,-0.8288,0.002785677655436826,-90.20461471484543,-0.6492000000000001,0.0016000000000000014,127.66481823783114,5
wids,label-flip,64,B,balanced_accuracy,0.6410012210012209,0.004816474526189323,0.5,0.0,-0.14100122100122098,0.004816474526189323,-21.99702845822698,-0.31965811965811963,0.004770037824640278,44.1100076394194,5
wids,label-flip,64,B,mcc,0.3873110223082024,0.018829140042876454,0.0,0.0,-0.3873110223082024,0.018829140042876454,-100.0,-0.641928296406205,0.005964049943399614,60.33555842241863,5
