dataset,attack,row_percent,metric,clean,poisoned_mean,poisoned_std,delta_mean,delta_std,relative_pct,relative_unstable,n_runs
coil2000_insurance_policies,x-capgd,1,ce,0.2024606835018946,0.20422474583090716,0.0003876198742466394,0.0017640623290125612,0.00038761987424663945,0.8713110607453092,False,5
coil2000_insurance_policies,x-capgd,1,roc_auc,0.737090005223437,0.7277130351771466,0.0020670073404832753,-0.009376970046290433,0.0020670073404832753,-1.2721607917404816,False,5
coil2000_insurance_policies,x-capgd,1,accuracy,0.941,0.9410000000000001,1.1102230246251565e-16,0.0,0.0,0.0,False,5
coil2000_insurance_policies,x-capgd,1,balanced_accuracy,0.5,0.5,0.0,0.0,0.0,0.0,False,5
coil2000_insurance_policies,x-capgd,1,mcc,0.0,0.0,0.0,0.0,0.0,,True,5
coil2000_insurance_policies,x-capgd,4,ce,0.2024606835018946,0.20474698116677165,0.0009408333901862937,0.002286297664877057,0.0009408333901862937,1.1292551350374465,False,5
coil2000_insurance_policies,x-capgd,4,roc_auc,0.737090005223437,0.7278463228804555,0.004220056565032245,-0.009243682342981719,0.004220056565032245,-1.2540778300446016,False,5
coil2000_insurance_policies,x-capgd,4,accuracy,0.941,0.9410000000000001,1.1102230246251565e-16,0.0,0.0,0.0,False,5
coil2000_insurance_policies,x-capgd,4,balanced_accuracy,0.5,0.5,0.0,0.0,0.0,0.0,False,5
coil2000_insurance_policies,x-capgd,4,mcc,0.0,0.0,0.0,0.0,0.0,,True,5
coil2000_insurance_policies,x-capgd,16,ce,0.2024606835018946,0.20603498405609214,0.00044037888545615887,0.0035743005541975293,0.0004403788854561588,1.7654294613522241,False,5
coil2000_insurance_policies,x-capgd,16,roc_auc,0.737090005223437,0.72624687044075,0.002567810427017354,-0.010843134782687058,0.002567810427017354,-1.471073370395266,False,5
coil2000_insurance_policies,x-capgd,16,accuracy,0.941,0.9410000000000001,1.1102230246251565e-16,0.0,0.0,0.0,False,5
coil2000_insurance_policies,x-capgd,16,balanced_accuracy,0.5,0.5,0.0,0.0,0.0,0.0,False,5
coil2000_insurance_policies,x-capgd,16,mcc,0.0,0.0,0.0,0.0,0.0,,True,5
coil2000_insurance_policies,x-capgd,64,ce,0.2024606835018946,0.21710182365861597,0.009389268805749808,0.014641140156721393,0.009389268805749808,7.231596724597831,False,5
coil2000_insurance_policies,x-capgd,64,roc_auc,0.737090005223437,0.7106089807093068,0.020008871232179957,-0.026481024514130303,0.020008871232179957,-3.592644633148024,False,5
coil2000_insurance_policies,x-capgd,64,accuracy,0.941,0.9404,0.0008000000000000007,-0.0006000000000000005,0.0008000000000000007,-0.06376195536663129,False,5
coil2000_insurance_policies,x-capgd,64,balanced_accuracy,0.5,0.501269835551793,0.003098478302411066,0.001269835551793086,0.003098478302411066,0.2539671103586172,False,5
coil2000_insurance_policies,x-capgd,64,mcc,0.0,0.010531359653667534,0.027018470149957372,0.010531359653667534,0.027018470149957372,,True,5
coil2000_insurance_policies,label-flip,1,ce,0.2024606835018946,0.21252574100236923,0.0007326561135979364,0.010065057500474633,0.0007326561135979364,4.971363983556069,False,5
coil2000_insurance_policies,label-flip,1,roc_auc,0.737090005223437,0.6961706803076424,0.009710425684270047,-0.0409193249157946,0.009710425684270047,-5.5514692406377915,False,5
coil2000_insurance_policies,label-flip,1,accuracy,0.941,0.9410000000000001,1.1102230246251565e-16,0.0,0.0,0.0,False,5
coil2000_insurance_policies,label-flip,1,balanced_accuracy,0.5,0.5,0.0,0.0,0.0,0.0,False,5
coil2000_insurance_policies,label-flip,1,mcc,0.0,0.0,0.0,0.0,0.0,,True,5
coil2000_insurance_policies,label-flip,4,ce,0.2024606835018946,0.24602262451668971,0.0009239120254850236,0.04356194101479508,0.0009239120254850237,21.516247135650627,False,5
coil2000_insurance_policies,label-flip,4,roc_auc,0.737090005223437,0.6353770781174012,0.006066813088528008,-0.10171292710603586,0.006066813088528008,-13.799254688740925,False,5
coil2000_insurance_policies,label-flip,4,accuracy,0.941,0.9356,0.0014966629547095423,-0.005399999999999916,0.0014966629547095423,-0.5738575982996723,False,5
coil2000_insurance_policies,label-flip,4,balanced_accuracy,0.5,0.5034852933230065,0.0031705361808512986,0.003485293323006533,0.003170536180851299,0.6970586646013066,False,5
coil2000_insurance_policies,label-flip,4,mcc,0.0,0.01934066106694939,0.020127187454890536,0.01934066106694939,0.020127187454890536,,True,5
coil2000_insurance_policies,label-flip,16,ce,0.2024606835018946,0.45273687100481663,0.007453785191848317,0.25027618750292197,0.007453785191848318,123.61717997488627,False,5
coil2000_insurance_policies,label-flip,16,roc_auc,0.737090005223437,0.4968407211945459,0.010315075371448606,-0.24024928402889106,0.010315075371448606,-32.594294092491914,False,5
coil2000_insurance_policies,label-flip,16,accuracy,0.941,0.8462,0.002227105745132011,-0.09479999999999997,0.002227105745132011,-10.074388947927734,False,5
coil2000_insurance_policies,label-flip,16,balanced_accuracy,0.5,0.4861668978187647,0.00910431672821035,-0.013833102181235258,0.00910431672821035,-2.7666204362470515,False,5
coil2000_insurance_policies,label-flip,16,mcc,0.0,-0.021362495235409597,0.014019118088361046,-0.021362495235409597,0.014019118088361046,,True,5
coil2000_insurance_policies,label-flip,64,ce,0.2024606835018946,1.8820147322593161,0.012309380052703642,1.6795540487574214,0.012309380052703578,829.570472501988,False,5
coil2000_insurance_policies,label-flip,64,roc_auc,0.737090005223437,0.32138727282551915,0.003132438655415746,-0.4157027323979179,0.003132438655415746,-56.397825157309555,False,5
coil2000_insurance_policies,label-flip,64,accuracy,0.941,0.33640000000000003,0.0037202150475476583,-0.6045999999999999,0.003720215047547606,-64.25079702444208,False,5
coil2000_insurance_policies,label-flip,64,balanced_accuracy,0.5,0.38526990759920027,0.0019767348818000284,-0.11473009240079972,0.0019767348818000284,-22.946018480159942,False,5
coil2000_insurance_policies,label-flip,64,mcc,0.0,-0.11387142389756835,0.002259874204880843,-0.11387142389756835,0.002259874204880843,,True,5
lcld_v2,x-capgd,1,ce,0.454624160950639,0.46024150512656936,0.0010772010973420045,0.005617344175930306,0.0010772010973420045,1.2356017692029815,False,5
lcld_v2,x-capgd,1,roc_auc,0.7154768602512154,0.7121201585425214,0.0009232379676192702,-0.0033567017086939765,0.0009232379676192702,-0.4691558728419791,False,5
lcld_v2,x-capgd,1,accuracy,0.806,0.806,0.001264911064067353,0.0,0.001264911064067353,0.0,False,5
lcld_v2,x-capgd,1,balanced_accuracy,0.5305990859151279,0.5275344362195068,0.0017228923864201443,-0.0030646496956211245,0.001722892386420144,-0.5775829203202455,False,5
lcld_v2,x-capgd,1,mcc,0.15017271488376943,0.14393360770414665,0.008786865668258,-0.006239107179622766,0.008786865668258,-4.154621020504095,False,5
lcld_v2,x-capgd,4,ce,0.454624160950639,0.4741610459013293,0.0031136263830849062,0.01953688495069027,0.0031136263830849062,4.2973705818533245,False,5
lcld_v2,x-capgd,4,roc_auc,0.7154768602512154,0.7041399321073892,0.0017670051407027239,-0.011336928143826207,0.0017670051407027239,-1.5845275750561145,False,5
lcld_v2,x-capgd,4,accuracy,0.806,0.8074000000000001,0.002870540018881467,0.0014000000000000013,0.002870540018881467,0.17369727047146416,False,5
lcld_v2,x-capgd,4,balanced_accuracy,0.5305990859151279,0.5276400048043188,0.004846198786295308,-0.002959081110809114,0.004846198786295308,-0.5576868089973367,False,5
lcld_v2,x-capgd,4,mcc,0.15017271488376943,0.1512510721540704,0.02544815662819559,0.0010783572703009809,0.02544815662819559,0.7180780284458512,False,5
lcld_v2,x-capgd,16,ce,0.454624160950639,0.49504480998489797,0.0038147129207182747,0.04042064903425894,0.0038147129207182747,8.891003273943381,False,5
lcld_v2,x-capgd,16,roc_auc,0.7154768602512154,0.6734605634960269,0.004033058802230366,-0.042016296755188434,0.004033058802230366,-5.872488558251323,False,5
lcld_v2,x-capgd,16,accuracy,0.806,0.8008000000000001,0.0021354156504062643,-0.005200000000000005,0.002135415650406264,-0.6451612903225812,False,5
lcld_v2,x-capgd,16,balanced_accuracy,0.5305990859151279,0.5116548981926912,0.005102469194719972,-0.018944187722436844,0.005102469194719973,-3.570339306138018,False,5
lcld_v2,x-capgd,16,mcc,0.15017271488376943,0.07292392963113488,0.027313853932471717,-0.07724878525263454,0.027313853932471717,-51.43996052307072,False,5
lcld_v2,x-capgd,64,ce,0.454624160950639,0.7881281332040392,0.1612430628827728,0.3335039722534002,0.16124306288277282,73.35817162819258,False,5
lcld_v2,x-capgd,64,roc_auc,0.7154768602512154,0.49185162240582586,0.039211677445917435,-0.2236252378453895,0.039211677445917435,-31.25541163789296,False,5
lcld_v2,x-capgd,64,accuracy,0.806,0.7682000000000001,0.01771327186038764,-0.037800000000000035,0.017713271860387635,-4.689826302729532,False,5
lcld_v2,x-capgd,64,balanced_accuracy,0.5305990859151279,0.4963360747450866,0.011303210860279415,-0.03426301117004131,0.011303210860279415,-6.457419939001149,False,5
lcld_v2,x-capgd,64,mcc,0.15017271488376943,-0.008522653188905991,0.038013675042159766,-0.15869536807267542,0.03801367504215976,-105.67523414323458,False,5
lcld_v2,label-flip,1,ce,0.454624160950639,0.4610828967137815,0.00040266460750253277,0.006458735763142464,0.00040266460750253277,1.420675872051535,False,5
lcld_v2,label-flip,1,roc_auc,0.7154768602512154,0.7076458205586917,0.0007798186075275253,-0.007831039692523611,0.0007798186075275253,-1.0945203300878255,False,5
lcld_v2,label-flip,1,accuracy,0.806,0.807,0.0017888543819998333,0.0010000000000000009,0.0017888543819998333,0.12406947890818869,False,5
lcld_v2,label-flip,1,balanced_accuracy,0.5305990859151279,0.5174308272910595,0.0020613877709330292,-0.01316825862406843,0.0020613877709330292,-2.48177182615327,False,5
lcld_v2,label-flip,1,mcc,0.15017271488376943,0.13076983514940207,0.017737074680419476,-0.01940287973436736,0.017737074680419476,-12.920376214404053,False,5
lcld_v2,label-flip,4,ce,0.454624160950639,0.4741934583024016,0.0009055969449371549,0.01956929735176265,0.0009055969449371549,4.304500075588238,False,5
lcld_v2,label-flip,4,roc_auc,0.7154768602512154,0.7074018117339166,0.0006777915331721383,-0.008075048517298811,0.0006777915331721383,-1.1286246929723949,False,5
lcld_v2,label-flip,4,accuracy,0.806,0.8024000000000001,0.000489897948556636,-0.0036000000000000034,0.000489897948556636,-0.4466501240694793,False,5
lcld_v2,label-flip,4,balanced_accuracy,0.5305990859151279,0.5115019185667957,0.001850474251925917,-0.01909716734833211,0.001850474251925917,-3.5991707967975657,False,5
lcld_v2,label-flip,4,mcc,0.15017271488376943,0.08059992510513328,0.007609158707088503,-0.06957278977863617,0.007609158707088503,-46.32851569107215,False,5
lcld_v2,label-flip,16,ce,0.454624160950639,0.4982987969679559,0.0013491007846475709,0.04367463601731688,0.0013491007846475709,9.606756474620994,False,5
lcld_v2,label-flip,16,roc_auc,0.7154768602512154,0.6550562294947249,0.0021597242740087124,-0.060420630756490644,0.002159724274008712,-8.444805711155494,False,5
lcld_v2,label-flip,16,accuracy,0.806,0.7849999999999999,0.0014142135623730963,-0.02100000000000002,0.0014142135623730963,-2.6054590570719625,False,5
lcld_v2,label-flip,16,balanced_accuracy,0.5305990859151279,0.5090953341214102,0.001286829712768961,-0.021503751793717774,0.001286829712768961,-4.052730651925286,False,5
lcld_v2,label-flip,16,mcc,0.15017271488376943,0.0373220774233758,0.0054776592850284385,-0.11285063746039363,0.00547765928502844,-75.14723133808806,False,5
lcld_v2,label-flip,64,ce,0.454624160950639,1.1715987700450092,0.008305012945901812,0.71697460909437,0.008305012945901814,157.70710637004967,False,5
lcld_v2,label-flip,64,roc_auc,0.7154768602512154,0.3818396748234728,0.00295999002889086,-0.33363718542774257,0.00295999002889086,-46.63144316234032,False,5
lcld_v2,label-flip,64,accuracy,0.806,0.3332,0.005670978751503135,-0.47280000000000005,0.005670978751503135,-58.66004962779157,False,5
lcld_v2,label-flip,64,balanced_accuracy,0.5305990859151279,0.4407684381538773,0.004546472203496151,-0.08983064776125067,0.004546472203496151,-16.930041936713693,False,5
lcld_v2,label-flip,64,mcc,0.15017271488376943,-0.10422986368317307,0.008087456747693358,-0.2544025785669425,0.008087456747693362,-169.40665870217822,False,5
url_unique,x-capgd,1,ce,0.09327701014613272,0.09522969079403078,0.0033878618921286763,0.001952680647898053,0.0033878618921286763,2.093421138648076,False,5
url_unique,x-capgd,1,roc_auc,0.9935303437680046,0.9933510978810576,0.0004613123717339176,-0.0001792458869471103,0.00046131237173391754,-0.018041309766877667,False,5
url_unique,x-capgd,1,accuracy,0.965,0.9692000000000001,0.0016000000000000014,0.004200000000000004,0.0016000000000000012,0.4352331606217621,False,5
url_unique,x-capgd,1,balanced_accuracy,0.9649750336086038,0.9691921131809742,0.0015845834211584244,0.004217079572370519,0.0015845834211584246,0.4370143708900325,False,5
url_unique,x-capgd,1,mcc,0.9299816952293017,0.9383903424911024,0.0032005598944758636,0.008408647261800595,0.0032005598944758636,0.9041734159861404,False,5
url_unique,x-capgd,4,ce,0.09327701014613272,0.09920769288177456,0.00424389015766859,0.005930682735641823,0.00424389015766859,6.35813983140165,False,5
url_unique,x-capgd,4,roc_auc,0.9935303437680046,0.9929053837782472,0.0006320119038548546,-0.0006249599897574454,0.0006320119038548547,-0.06290295949968261,False,5
url_unique,x-capgd,4,accuracy,0.965,0.9663999999999999,0.0018547236990991425,0.0014000000000000013,0.0018547236990991425,0.145077720207254,False,5
url_unique,x-capgd,4,balanced_accuracy,0.9649750336086038,0.9664426093079828,0.0018478502607419775,0.0014675756993789868,0.0018478502607419775,0.15208431806684847,False,5
url_unique,x-capgd,4,mcc,0.9299816952293017,0.9328158180790135,0.003699046672462515,0.00283412284971174,0.003699046672462515,0.30475039070666243,False,5
url_unique,x-capgd,16,ce,0.09327701014613272,0.11021554878613264,0.0034461506690229866,0.016938538639999914,0.003446150669022987,18.159392773699647,False,5
url_unique,x-capgd,16,roc_auc,0.9935303437680046,0.9917074771141413,0.0004917231146327919,-0.001822866653863442,0.0004917231146327919,-0.1834736770041814,False,5
url_unique,x-capgd,16,accuracy,0.965,0.9644,0.0013564659966250547,-0.0006000000000000005,0.0013564659966250547,-0.062176165803108856,False,5
url_unique,x-capgd,16,balanced_accuracy,0.9649750336086038,0.964378080788682,0.001337664901459366,-0.0005969528199219143,0.001337664901459366,-0.06186199633471966,False,5
url_unique,x-capgd,16,mcc,0.9299816952293017,0.9287971650559692,0.0027151219168624115,-0.001184530173332554,0.0027151219168624115,-0.1273713428349242,False,5
url_unique,x-capgd,64,ce,0.09327701014613272,0.14098517387939996,0.020742409506837065,0.04770816373326721,0.02074240950683707,51.146754874030655,False,5
url_unique,x-capgd,64,roc_auc,0.9935303437680046,0.9875096024582293,0.002328554047600499,-0.006020741309775346,0.0023285540476004987,-0.6059947084194165,False,5
url_unique,x-capgd,64,accuracy,0.965,0.9574,0.008428523002282199,-0.007600000000000007,0.008428523002282199,-0.7875647668393789,False,5
url_unique,x-capgd,64,balanced_accuracy,0.9649750336086038,0.9575395301197107,0.008345768186378388,-0.007435503488893191,0.008345768186378388,-0.7705384315579142,False,5
url_unique,x-capgd,64,mcc,0.9299816952293017,0.9150703265070439,0.01659510407861725,-0.014911368722257934,0.01659510407861725,-1.603404539976596,False,5
url_unique,label-flip,1,ce,0.09327701014613272,0.11620661126507606,0.0027236556118696376,0.022929601118943328,0.0027236556118696376,24.582264250344856,False,5
url_unique,label-flip,1,roc_auc,0.9935303437680046,0.9909376800460917,0.0006209197789695442,-0.002592663721912869,0.0006209197789695442,-0.2609546591279825,False,5
url_unique,label-flip,1,accuracy,0.965,0.9586,0.0021540659228538035,-0.0064000000000000055,0.0021540659228538035,-0.6632124352331612,False,5
url_unique,label-flip,1,balanced_accuracy,0.9649750336086038,0.9585925997055245,0.0022151867300891394,-0.006382433903079221,0.0022151867300891394,-0.6614092262274996,False,5
url_unique,label-flip,1,mcc,0.9299816952293017,0.9172217222685075,0.0043100840424263355,-0.012759972960794208,0.0043100840424263355,-1.3720671090895002,False,5
url_unique,label-flip,4,ce,0.09327701014613272,0.1461272231644846,0.002168620026211193,0.052850213018351855,0.002168620026211193,56.659420081704916,False,5
url_unique,label-flip,4,roc_auc,0.9935303437680046,0.9887019076883682,0.0005552545301773628,-0.004828436079636389,0.0005552545301773628,-0.4859877818451268,False,5
url_unique,label-flip,4,accuracy,0.965,0.9445999999999998,0.002653299832284322,-0.02040000000000002,0.002653299832284322,-2.113989637305701,False,5
url_unique,label-flip,4,balanced_accuracy,0.9649750336086038,0.9441665066256961,0.002658788728981391,-0.020808526982907603,0.002658788728981391,-2.156379829340496,False,5
url_unique,label-flip,4,mcc,0.9299816952293017,0.8903217920973308,0.005288769148478067,-0.039659903131970944,0.005288769148478067,-4.264589651110517,False,5
url_unique,label-flip,16,ce,0.09327701014613272,0.29619026556839917,0.004257666650607143,0.2029132554222665,0.004257666650607143,217.5383356567409,False,5
url_unique,label-flip,16,roc_auc,0.9935303437680046,0.9606835349849561,0.0008673150149704257,-0.032846808783048465,0.0008673150149704257,-3.306070014779377,False,5
url_unique,label-flip,16,accuracy,0.965,0.8606,0.004963869458396347,-0.10439999999999998,0.004963869458396347,-10.81865284974093,False,5
url_unique,label-flip,16,balanced_accuracy,0.9649750336086038,0.8591527431022341,0.00500367422382083,-0.10582229050636967,0.00500367422382083,-10.966324186713772,False,5
url_unique,label-flip,16,mcc,0.9299816952293017,0.731894443288958,0.009507316566471911,-0.19808725194034377,0.009507316566471911,-21.300123750446744,False,5
url_unique,label-flip,64,ce,0.09327701014613272,1.8195611160407814,0.0036907803817066206,1.7262841058946488,0.0036907803817066206,1850.7069461061842,False,5
url_unique,label-flip,64,roc_auc,0.9935303437680046,0.211578964214839,0.0010052414013738194,-0.7819513795531656,0.0010052414013738066,-78.70432790080501,False,5
url_unique,label-flip,64,accuracy,0.965,0.29679999999999995,0.0018330302779823377,-0.6681999999999999,0.0018330302779823472,-69.24352331606217,False,5
url_unique,label-flip,64,balanced_accuracy,0.9649750336086038,0.2978362460789962,0.001872397280623524,-0.6671387875296075,0.001872397280623522,-69.135341775091,False,5
url_unique,label-flip,64,mcc,0.9299816952293017,-0.40807580083375894,0.0035067068898331282,-1.3380574960630607,0.003506706889833095,-143.87998203912406,False,5
wids,x-capgd,1,ce,0.20898880577437587,0.212140743776643,0.0005544416701798333,0.003151938002267102,0.0005544416701798333,1.5081850870375952,False,5
wids,x-capgd,1,roc_auc,0.8794871794871796,0.8761953601953602,0.0005378285160743193,-0.003291819291819387,0.0005378285160743193,-0.37428849090657745,False,5
wids,x-capgd,1,accuracy,0.925,0.925,0.0,0.0,0.0,0.0,False,5
wids,x-capgd,1,balanced_accuracy,0.6534188034188034,0.6534188034188034,0.0,0.0,0.0,0.0,False,5
wids,x-capgd,1,mcc,0.4328728435534341,0.4328728435534341,0.0,0.0,0.0,0.0,False,5
wids,x-capgd,4,ce,0.20898880577437587,0.22793318156518558,0.00211030591509323,0.01894437579080972,0.00211030591509323,9.064780154427051,False,5
wids,x-capgd,4,roc_auc,0.8794871794871796,0.8586129426129426,0.003956696610267797,-0.02087423687423695,0.003956696610267797,-2.3734555046508485,False,5
wids,x-capgd,4,accuracy,0.925,0.9241999999999999,0.001166190378969061,-0.0008000000000000007,0.001166190378969061,-0.08648648648648656,False,5
wids,x-capgd,4,balanced_accuracy,0.6534188034188034,0.6449694749694749,0.004394349298496002,-0.008449328449328464,0.004394349298496002,-1.2930953938148204,False,5
wids,x-capgd,4,mcc,0.4328728435534341,0.4204653543673902,0.010212739279832904,-0.012407489186043886,0.010212739279832904,-2.8663126760716504,False,5
wids,x-capgd,16,ce,0.20898880577437587,0.2726349647668528,0.02395957064864281,0.06364615899247691,0.02395957064864281,30.454338813337806,False,5
wids,x-capgd,16,roc_auc,0.8794871794871796,0.8255970695970696,0.014126393348439754,-0.05389010989010996,0.014126393348439752,-6.127446897126205,False,5
wids,x-capgd,16,accuracy,0.925,0.9120000000000001,0.0053665631459995,-0.013000000000000012,0.005366563145999499,-1.4054054054054066,False,5
wids,x-capgd,16,balanced_accuracy,0.6534188034188034,0.6102319902319903,0.01650338421890219,-0.04318681318681321,0.01650338421890219,-6.609361861160426,False,5
wids,x-capgd,16,mcc,0.4328728435534341,0.3159734675539757,0.04678938051373553,-0.11689937599945836,0.04678938051373554,-27.005476952501002,False,5
wids,x-capgd,64,ce,0.20898880577437587,1.2785849258252413,0.5336671087188806,1.0695961200508655,0.5336671087188806,511.79589073569826,False,5
wids,x-capgd,64,roc_auc,0.8794871794871796,0.4974407814407814,0.10797187874528909,-0.3820463980463982,0.10797187874528909,-43.43967791198113,False,5
wids,x-capgd,64,accuracy,0.925,0.5768000000000001,0.2216884300093264,-0.3482,0.2216884300093264,-37.64324324324324,False,5
wids,x-capgd,64,balanced_accuracy,0.6534188034188034,0.4540903540903541,0.06978467955030049,-0.19932844932844934,0.06978467955030049,-30.505465757264318,False,5
wids,x-capgd,64,mcc,0.4328728435534341,-0.04830532703373863,0.09046344342158238,-0.4811781705871727,0.09046344342158238,-111.15924173879847,False,5
wids,label-flip,1,ce,0.20898880577437587,0.22680194415344124,0.0005276094616001764,0.01781313837906536,0.0005276094616001764,8.523489242910173,False,5
wids,label-flip,1,roc_auc,0.8794871794871796,0.8524786324786324,0.0030860766609999237,-0.027008547008547067,0.0030860766609999237,-3.070942662779404,False,5
wids,label-flip,1,accuracy,0.925,0.9218,0.001166190378969061,-0.0032000000000000028,0.001166190378969061,-0.34594594594594624,False,5
wids,label-flip,1,balanced_accuracy,0.6534188034188034,0.6456532356532356,0.001414149255571736,-0.007765567765567827,0.0014141492555717363,-1.1884518359338596,False,5
wids,label-flip,1,mcc,0.4328728435534341,0.4075862675187854,0.005347074143315689,-0.02528657603464869,0.0053470741433156894,-5.841571355475271,False,5
wids,label-flip,4,ce,0.20898880577437587,0.2404177928477098,0.0008033795406453425,0.03142898707333393,0.0008033795406453425,15.038598338738122,False,5
wids,label-flip,4,roc_auc,0.8794871794871796,0.823091575091575,0.00517544610962131,-0.05639560439560454,0.00517544610962131,-6.412328196584771,False,5
wids,label-flip,4,accuracy,0.925,0.9164,0.0021540659228538035,-0.008600000000000007,0.0021540659228538035,-0.9297297297297303,False,5
wids,label-flip,4,balanced_accuracy,0.6534188034188034,0.6286691086691086,0.003691302975240801,-0.024749694749694774,0.003691302975240801,-3.7877230682986114,False,5
wids,label-flip,4,mcc,0.4328728435534341,0.360962024786252,0.013274316967896526,-0.07191081876718211,0.013274316967896525,-16.612457870276494,False,5
wids,label-flip,16,ce,0.20898880577437587,0.2981038945719308,0.004956476796581028,0.08911508879755495,0.004956476796581028,42.641082361972785,False,5
wids,label-flip,16,roc_auc,0.8794871794871796,0.8206495726495728,0.048610273535393725,-0.05883760683760686,0.048610273535393725,-6.6899902818270185,False,5
wids,label-flip,16,accuracy,0.925,0.9166000000000001,0.008309031231136401,-0.008400000000000008,0.008309031231136401,-0.9081081081081089,False,5
wids,label-flip,16,balanced_accuracy,0.6534188034188034,0.6237728937728938,0.021766400792196515,-0.02964590964590963,0.021766400792196515,-4.537045688124822,False,5
wids,label-flip,16,mcc,0.4328728435534341,0.36127192038407363,0.0423838877954781,-0.07160092316936043,0.0423838877954781,-16.54086742462096,False,5
wids,label-flip,64,ce,0.20898880577437587,1.4407034135210544,0.0033522012791321653,1.2317146077466785,0.0033522012791321653,589.3687000041698,False,5
wids,label-flip,64,roc_auc,0.8794871794871796,0.2601245421245421,0.0028939161131568045,-0.6193626373626374,0.002893916113156811,-70.4231570179092,False,5
wids,label-flip,64,accuracy,0.925,0.2758,0.0016000000000000014,-0.6492000000000001,0.0016000000000000014,-70.1837837837838,False,5
wids,label-flip,64,balanced_accuracy,0.6534188034188034,0.33376068376068374,0.004770037824640278,-0.31965811965811963,0.004770037824640278,-48.92086330935251,False,5
wids,label-flip,64,mcc,0.4328728435534341,-0.20905545285277088,0.0059640499433995945,-0.641928296406205,0.005964049943399614,-148.29488750937665,False,5
