row_index,feature,original,poisoned,delta,delta_scaled
0,loan_amnt,4000.0,17635.912,13635.912,0.3496388
0,term,36.0,44.594013,8.594013,0.35808387
0,int_rate,13.67,22.639835,8.969835,0.34929264
0,installment,136.08,158.90125,22.821243,0.013307624
0,sub_grade,9.0,21.950848,12.950848,0.3809073
0,emp_length,5.0,2.9178295,-2.0821705,-0.20821705
0,home_ownership,0.0,0.49834585,0.49834585,0.09966917
0,annual_inc,60000.0,595798.44,535798.44,0.048712637
0,verification_status,0.0,-0.010419252,-0.010419252,-0.005209626
0,purpose,0.0,0.41073644,0.41073644,0.03159511
0,dti,20.68,27.80751,7.12751,0.0071275085
0,open_acc,6.0,-13.63704,-19.63704,-0.2206409
0,pub_rec,0.0,-27.920643,-27.920643,-0.32465863
0,revol_bal,15596.0,287966.88,272370.88,0.09376463
0,revol_util,93.4,-43.481834,-136.88184,-0.15340339
0,total_acc,17.0,8.400787,-8.599213,-0.049420763
0,initial_list_status,1.0,0.7744483,-0.22555172,-0.22555172
0,application_type,0.0,-0.3451246,-0.3451246,-0.3451246
0,mort_acc,3.0,0.019462556,-2.9805374,-0.05844191
0,pub_rec_bankruptcies,0.0,5.620679,5.620679,0.4683899
0,fico_score,677.0,720.2609,43.260925,0.23321255
0,month_of_year,2.0,5.09923,3.0992298,0.28174815
0,ratio_loan_amnt_annual_inc,0.06666667,25.23103,25.164362,0.08101701
0,ratio_open_acc_total_acc,0.3529412,0.81092525,0.45798406,0.46943367
0,month_since_earliest_cr_line,212.0,-27.212944,-239.21295,-0.24840389
0,ratio_pub_rec_month_since_earliest_cr_line,0.0,0.13743168,0.13743168,0.27711633
0,ratio_pub_rec_bankruptcies_month_since_earliest_cr_line,0.0,-0.0032884087,-0.0032884087,-0.036172494
0,ratio_pub_rec_bankruptcies_pub_rec,-1.0,-0.8551762,0.14482379,0.072411895
1,loan_amnt,20000.0,38278.504,18278.504,0.46867958
1,term,36.0,35.087463,-0.9125366,-0.038022358
1,int_rate,10.74,22.938,12.198,0.47499996
1,installment,652.32,435.4957,-216.82431,-0.12643555
1,sub_grade,6.0,22.15,16.15,0.47500002
1,emp_length,6.0,3.5520103,-2.4479897,-0.24479899
1,home_ownership,1.0,-0.28428036,-1.2842803,-0.25685608
1,annual_inc,86000.0,-594899.75,-680899.75,-0.061904665
1,verification_status,1.0,1.364604,0.364604,0.182302
1,purpose,4.0,-0.20317417,-4.203174,-0.3233211
1,dti,12.96,71.360794,58.400795,0.05840079
1,open_acc,15.0,11.667303,-3.332697,-0.037446037
1,pub_rec,0.0,36.482765,36.482765,0.4242182
1,revol_bal,9329.0,1.389126e+06,1.379797e+06,0.47499996
1,revol_util,69.1,193.9864,124.886406,0.13996011
1,total_acc,36.0,111.30747,75.30747,0.43280157
1,initial_list_status,1.0,0.65183574,-0.34816426,-0.34816426
1,application_type,0.0,0.17998067,0.17998067,0.17998067
1,mort_acc,0.0,5.9773803,5.9773803,0.11720353
1,pub_rec_bankruptcies,0.0,-3.4972365,-3.4972365,-0.29143637
1,fico_score,717.0,755.69666,38.696655,0.20860735
1,month_of_year,2.0,4.3825636,2.3825636,0.2165967
1,ratio_loan_amnt_annual_inc,0.23255815,-53.332355,-53.564915,-0.17245299
1,ratio_open_acc_total_acc,0.41666666,0.34711218,-0.06955448,-0.071293324
1,month_since_earliest_cr_line,150.0,-237.7091,-387.7091,-0.4026055
1,ratio_pub_rec_month_since_earliest_cr_line,0.0,-0.2355691,-0.2355691,-0.475
1,ratio_pub_rec_bankruptcies_month_since_earliest_cr_line,0.0,-0.035016287,-0.035016287,-0.38517913
1,ratio_pub_rec_bankruptcies_pub_rec,-1.0,-0.99972147,0.0002785325,0.00013926625
2,loan_amnt,4375.0,21279.08,16904.08,0.43343797
2,term,36.0,47.032616,11.032616,0.45969233
2,int_rate,10.74,22.40401,11.664011,0.45420605
2,installment,142.7,-448.5183,-591.2183,-0.3447538
2,sub_grade,6.0,-4.5914655,-10.591465,-0.3115137
2,emp_length,10.0,5.4058475,-4.5941525,-0.45941526
2,home_ownership,0.0,-1.0699143,-1.0699143,-0.21398287
2,annual_inc,35000.0,574584.94,539584.94,0.04905689
2,verification_status,2.0,2.5991178,0.59911776,0.29955888
2,purpose,0.0,-3.4757385,-3.4757385,-0.2673645
2,dti,29.52,-193.26385,-222.78386,-0.22278386
2,open_acc,6.0,1.2212057,-4.7787943,-0.05369432
2,pub_rec,0.0,-15.518267,-15.518267,-0.18044496
2,revol_bal,16978.0,1.2860284e+06,1.2690504e+06,0.43687505
2,revol_util,97.6,428.08966,330.48965,0.37037954
2,total_acc,22.0,-34.5816,-56.5816,-0.3251816
2,initial_list_status,1.0,1.4471275,0.44712746,0.44712746
2,application_type,0.0,0.475,0.475,0.475
2,mort_acc,2.0,-4.5715523,-6.5715523,-0.12885396
2,pub_rec_bankruptcies,0.0,4.8464746,4.8464746,0.40387288
2,fico_score,737.0,684.3076,-52.692383,-0.28405598
2,month_of_year,3.0,-1.2524395,-4.2524395,-0.3865854
2,ratio_loan_amnt_annual_inc,0.125,11.744302,11.619302,0.0374085
2,ratio_open_acc_total_acc,0.27272728,0.71017665,0.43744937,0.4483856
2,month_since_earliest_cr_line,253.0,-154.88025,-407.88025,-0.42355168
2,ratio_pub_rec_month_since_earliest_cr_line,0.0,-0.009467599,-0.009467599,-0.019090405
2,ratio_pub_rec_bankruptcies_month_since_earliest_cr_line,0.0,0.006222217,0.006222217,0.068444386
2,ratio_pub_rec_bankruptcies_pub_rec,-1.0,-0.9990608,0.0009391904,0.0004695952
3,loan_amnt,5000.0,-11563.222,-16563.223,-0.424698
3,term,36.0,36.750244,0.75024414,0.031260174
3,int_rate,8.9,9.026006,0.12600613,0.0049067736
3,installment,158.77,38.077404,-120.6926,-0.070378795
3,sub_grade,4.0,-5.299675,-9.299675,-0.27351984
3,emp_length,8.0,10.049484,2.0494843,0.20494837
3,home_ownership,1.0,-1.2240199,-2.22402,-0.44480398
3,annual_inc,30000.0,-105723.06,-135723.06,-0.012339395
3,verification_status,2.0,1.3156452,-0.6843548,-0.3421774
3,purpose,0.0,-5.0177903,-5.0177903,-0.38598388
3,dti,2.0,19.002083,17.002083,0.017002081
3,open_acc,8.0,-22.659687,-30.659687,-0.3444909
3,pub_rec,0.0,-28.46984,-28.46984,-0.33104464
3,revol_bal,2260.0,283703.75,281443.75,0.096888
3,revol_util,10.2,-323.67926,-333.87927,-0.37417826
3,total_acc,18.0,-11.567844,-29.567844,-0.16993013
3,initial_list_status,1.0,1.3760341,0.37603414,0.37603414
3,application_type,0.0,0.1873717,0.1873717,0.1873717
3,mort_acc,1.0,3.6737022,2.6737022,0.052425534
3,pub_rec_bankruptcies,0.0,5.7,5.7,0.475
3,fico_score,717.0,734.9208,17.920776,0.09660798
3,month_of_year,3.0,-2.225,-5.225,-0.475
3,ratio_loan_amnt_annual_inc,0.16666667,69.739845,69.57318,0.22399183
3,ratio_open_acc_total_acc,0.44444445,0.4554108,0.010966361,0.011240512
3,month_since_earliest_cr_line,82.0,93.42229,11.422287,0.011861149
3,ratio_pub_rec_month_since_earliest_cr_line,0.0,0.23084055,0.23084055,0.46546537
3,ratio_pub_rec_bankruptcies_month_since_earliest_cr_line,0.0,0.002477204,0.002477204,0.027249243
3,ratio_pub_rec_bankruptcies_pub_rec,-1.0,-0.7021784,0.29782158,0.14891079
4,loan_amnt,6000.0,8035.233,2035.2329,0.052185446
4,term,36.0,32.649456,-3.350544,-0.139606
4,int_rate,17.27,28.248198,10.978197,0.42749986
4,installment,214.73,246.87236,32.142365,0.018743
4,sub_grade,15.0,28.308517,13.308517,0.39142698
4,emp_length,3.0,7.3343744,4.3343744,0.4334374
4,home_ownership,2.0,2.1132107,0.11321068,0.022642136
4,annual_inc,49999.0,-210598.66,-260597.66,-0.023692489
4,verification_status,1.0,1.9006293,0.9006293,0.45031464
4,purpose,3.0,3.6018314,0.60183144,0.046294734
4,dti,11.13,76.69975,65.569756,0.06556975
4,open_acc,7.0,4.983283,-2.016717,-0.022659741
4,pub_rec,0.0,-2.7300591,-2.7300591,-0.031744875
4,revol_bal,2194.0,1.2722041e+06,1.2700101e+06,0.43720546
4,revol_util,30.1,68.54521,38.445213,0.04308552
4,total_acc,9.0,6.931965,-2.0680351,-0.011885261
4,initial_list_status,1.0,0.99430114,-0.0056988597,-0.0056988597
4,application_type,0.0,-0.2962459,-0.2962459,-0.2962459
4,mort_acc,0.0,23.430176,23.430176,0.4594152
4,pub_rec_bankruptcies,0.0,-1.3140002,-1.3140002,-0.10950002
4,fico_score,672.0,753.0156,81.015625,0.43674192
4,month_of_year,3.0,6.809808,3.8098078,0.34634617
4,ratio_loan_amnt_annual_inc,0.1200024,81.415695,81.29569,0.26173264
4,ratio_open_acc_total_acc,0.7777778,0.7235955,-0.05418229,-0.055536807
4,month_since_earliest_cr_line,44.0,-31.558167,-75.55817,-0.07846124
4,ratio_pub_rec_month_since_earliest_cr_line,0.0,-0.0020575635,-0.0020575635,-0.0041488577
4,ratio_pub_rec_bankruptcies_month_since_earliest_cr_line,0.0,-0.0009262079,-0.0009262079,-0.010188287
4,ratio_pub_rec_bankruptcies_pub_rec,-1.0,-1.7815812,-0.78158116,-0.39079058
5,loan_amnt,8000.0,-2627.9255,-10627.926,-0.27251092
5,term,36.0,27.40619,-8.593809,-0.35807538
5,int_rate,13.11,3.8818636,-9.228136,-0.35935107
5,installment,269.98,-229.29875,-499.27875,-0.29114163
5,sub_grade,8.0,3.3112566,-4.6887436,-0.13790423
5,emp_length,5.0,9.596925,4.596925,0.45969248
5,home_ownership,1.0,0.1624953,-0.8375047,-0.16750094
5,annual_inc,35000.0,342437.62,307437.62,0.027950993
5,verification_status,1.0,0.14174983,-0.85825014,-0.42912507
5,purpose,4.0,7.437834,3.4378338,0.26444873
5,dti,10.58,136.99643,126.41643,0.12641643
5,open_acc,7.0,-21.5307,-28.5307,-0.3205697
5,pub_rec,0.0,2.8228006,2.8228006,0.032823265
5,revol_bal,5769.0,-95851.836,-101620.836,-0.03498333
5,revol_util,76.9,301.67834,224.77835,0.25190893
5,total_acc,10.0,92.65,82.65,0.47500002
5,initial_list_status,1.0,1.4475613,0.44756126,0.44756126
5,application_type,0.0,0.45266056,0.45266056,0.45266056
5,mort_acc,0.0,23.460428,23.460428,0.46000838
5,pub_rec_bankruptcies,0.0,4.3284407,4.3284407,0.36070338
5,fico_score,687.0,649.94104,-37.05896,-0.19977877
5,month_of_year,3.0,4.248109,1.2481089,0.113464445
5,ratio_loan_amnt_annual_inc,0.22857143,69.315994,69.087425,0.22242792
5,ratio_open_acc_total_acc,0.7,0.501804,-0.198196,-0.20315093
5,month_since_earliest_cr_line,60.0,517.425,457.425,0.47499996
5,ratio_pub_rec_month_since_earliest_cr_line,0.0,-0.095488876,-0.095488876,-0.19254315
5,ratio_pub_rec_bankruptcies_month_since_earliest_cr_line,0.0,0.023224728,0.023224728,0.255472
5,ratio_pub_rec_bankruptcies_pub_rec,-1.0,-1.3551991,-0.3551991,-0.17759955
6,loan_amnt,7500.0,-5688.6636,-13188.664,-0.3381709
6,term,60.0,48.96319,-11.036812,-0.45986718
6,int_rate,19.22,30.931318,11.711319,0.45604825
6,installment,195.47,379.29984,183.82983,0.10719565
6,sub_grade,19.0,20.795534,1.7955341,0.052809834
6,emp_length,5.0,9.75,4.75,0.47500002
6,home_ownership,1.0,-1.0320637,-2.0320637,-0.40641275
6,annual_inc,52000.0,454792.75,402792.75,0.036620297
6,verification_status,2.0,2.95,0.95000005,0.47500002
6,purpose,0.0,5.272646,5.272646,0.40558815
6,dti,16.04,-239.97493,-256.01492,-0.25601494
6,open_acc,12.0,-28.933985,-40.933983,-0.45993242
6,pub_rec,1.0,-4.792615,-5.792615,-0.06735599
6,revol_bal,7225.0,242798.75,235573.75,0.08109709
6,revol_util,70.1,455.02682,384.92682,0.43138725
6,total_acc,24.0,104.71289,80.71289,0.4638672
6,initial_list_status,1.0,0.8959036,-0.10409641,-0.10409641
6,application_type,0.0,0.38812745,0.38812745,0.38812745
6,mort_acc,0.0,-23.657227,-23.657227,-0.4638672
6,pub_rec_bankruptcies,0.0,4.3124166,4.3124166,0.35936806
6,fico_score,672.0,672.2936,0.2935791,0.0015826374
6,month_of_year,3.0,-1.8239386,-4.8239384,-0.43853986
6,ratio_loan_amnt_annual_inc,0.14423077,-105.73945,-105.88368,-0.34089398
6,ratio_open_acc_total_acc,0.5,0.8884392,0.38843918,0.39815018
6,month_since_earliest_cr_line,113.0,570.425,457.425,0.475
6,ratio_pub_rec_month_since_earliest_cr_line,0.0088495575,0.015225077,0.0063755196,0.012855556
6,ratio_pub_rec_bankruptcies_month_since_earliest_cr_line,0.0,-0.012654375,-0.012654375,-0.13919812
6,ratio_pub_rec_bankruptcies_pub_rec,0.0,-0.9207701,-0.9207701,-0.46038505
7,loan_amnt,9125.0,492.0415,-8632.959,-0.22135791
7,term,36.0,36.153786,0.1537857,0.0064077377
7,int_rate,6.62,16.121885,9.501885,0.37001112
7,installment,280.18,258.27536,-21.904633,-0.012773126
7,sub_grade,1.0,13.529124,12.529124,0.36850366
7,emp_length,10.0,5.25,-4.75,-0.47500002
7,home_ownership,0.0,-1.6853118,-1.6853118,-0.33706236
7,annual_inc,94000.0,-1.240191e+06,-1.334191e+06,-0.12129928
7,verification_status,0.0,0.95,0.95,0.475
7,purpose,5.0,9.164901,4.164901,0.32037696
7,dti,15.88,-13.8786545,-29.758656,-0.029758656
7,open_acc,6.0,29.481686,23.481686,0.2638392
7,pub_rec,0.0,-15.351889,-15.351889,-0.17851034
7,revol_bal,7474.0,369067.25,361593.25,0.12447974
7,revol_util,65.5,429.40842,363.90842,0.40783194
7,total_acc,25.0,-57.649998,-82.649994,-0.475
7,initial_list_status,1.0,1.3630753,0.36307526,0.36307526
7,application_type,0.0,0.034808338,0.034808338,0.034808338
7,mort_acc,1.0,2.2135499,1.2135499,0.023795096
7,pub_rec_bankruptcies,0.0,-5.2541304,-5.2541304,-0.4378442
7,fico_score,752.0,709.85767,-42.142334,-0.22718239
7,month_of_year,3.0,3.8858244,0.88582444,0.08052948
7,ratio_loan_amnt_annual_inc,0.09707447,0.71533215,0.6182577,0.0019904892
7,ratio_open_acc_total_acc,0.24,-0.22341466,-0.46341467,-0.47500002
7,month_since_earliest_cr_line,208.0,159.01523,-48.98477,-0.050866857
7,ratio_pub_rec_month_since_earliest_cr_line,0.0,0.23004796,0.23004796,0.4638672
7,ratio_pub_rec_bankruptcies_month_since_earliest_cr_line,0.0,0.018069351,0.018069351,0.19876285
7,ratio_pub_rec_bankruptcies_pub_rec,-1.0,-0.22550571,0.7744943,0.38724715
8,loan_amnt,7000.0,-11524.999,-18525.0,-0.47499996
8,term,36.0,46.324387,10.324387,0.43018278
8,int_rate,6.03,14.929075,8.899075,0.3465372
8,installment,213.05,-320.1617,-533.21173,-0.31092873
8,sub_grade,0.0,-8.697085,-8.697085,-0.25579664
8,emp_length,10.0,7.1654963,-2.8345037,-0.28345037
8,home_ownership,0.0,0.38318217,0.38318217,0.07663643
8,annual_inc,60000.0,335592.56,275592.56,0.025055766
8,verification_status,0.0,-0.5670736,-0.5670736,-0.2835368
8,purpose,2.0,5.465044,3.465044,0.26654184
8,dti,16.37,-43.332172,-59.70217,-0.059702173
8,open_acc,9.0,13.558183,4.5581827,0.051215537
8,pub_rec,0.0,-33.33423,-33.33423,-0.3876073
8,revol_bal,5624.0,667291.6,661667.6,0.22778141
8,revol_util,19.7,-335.16623,-354.86624,-0.39769834
8,total_acc,28.0,-14.927816,-42.92782,-0.24671158
8,initial_list_status,1.0,1.3339494,0.33394945,0.33394945
8,application_type,0.0,-0.47433034,-0.47433034,-0.47433034
8,mort_acc,3.0,-7.1034117,-10.103412,-0.19810611
8,pub_rec_bankruptcies,0.0,4.778185,4.778185,0.39818206
8,fico_score,757.0,830.1958,73.1958,0.39458656
8,month_of_year,3.0,6.1809297,3.1809297,0.28917542
8,ratio_loan_amnt_annual_inc,0.11666667,-2.720403,-2.8370695,-0.009133985
8,ratio_open_acc_total_acc,0.32142857,0.5104711,0.18904254,0.19376859
8,month_since_earliest_cr_line,253.0,36.548172,-216.45183,-0.22476825
8,ratio_pub_rec_month_since_earliest_cr_line,0.0,0.22287676,0.22287676,0.44940722
8,ratio_pub_rec_bankruptcies_month_since_earliest_cr_line,0.0,-0.003401622,-0.003401622,-0.03741784
8,ratio_pub_rec_bankruptcies_pub_rec,-1.0,-1.3316336,-0.33163357,-0.16581678
9,loan_amnt,13000.0,15872.263,2872.2627,0.07364774
9,term,36.0,45.820335,9.820335,0.40918064
9,int_rate,17.27,22.404764,5.1347637,0.19995186
9,installment,465.24,148.95235,-316.28766,-0.18443504
9,sub_grade,15.0,23.649605,8.649605,0.25440013
9,emp_length,6.0,6.7443714,0.7443714,0.07443714
9,home_ownership,1.0,-0.3435101,-1.3435102,-0.26870203
9,annual_inc,50000.0,-448910.16,-498910.16,-0.045358904
9,verification_status,2.0,1.7793725,-0.22062755,-0.11031377
9,purpose,4.0,-2.0881634,-6.0881634,-0.46832025
9,dti,12.14,93.55737,81.41737,0.081417374
9,open_acc,8.0,3.3444226,-4.6555777,-0.052309863
9,pub_rec,0.0,40.85,40.85,0.475
9,revol_bal,10969.0,-370336.75,-381305.75,-0.13126585
9,revol_util,95.4,-238.94916,-334.34915,-0.3747049
9,total_acc,13.0,92.07291,79.07291,0.454442
9,initial_list_status,1.0,1.2013289,0.20132887,0.20132887
9,application_type,0.0,-0.37110612,-0.37110612,-0.37110612
9,mort_acc,0.0,20.514223,20.514223,0.40223968
9,pub_rec_bankruptcies,0.0,-1.011606,-1.011606,-0.084300496
9,fico_score,677.0,729.2534,52.253418,0.28168958
9,month_of_year,3.0,8.225,5.2250004,0.47500005
9,ratio_loan_amnt_annual_inc,0.26,14.340282,14.080282,0.045331664
9,ratio_open_acc_total_acc,0.61538464,1.0208981,0.40551347,0.41565132
9,month_since_earliest_cr_line,159.0,167.67078,8.670776,0.009003922
9,ratio_pub_rec_month_since_earliest_cr_line,0.0,-0.20334397,-0.20334397,-0.41002145
9,ratio_pub_rec_bankruptcies_month_since_earliest_cr_line,0.0,-0.024060909,-0.024060909,-0.26466998
9,ratio_pub_rec_bankruptcies_pub_rec,-1.0,-1.4259338,-0.42593384,-0.21296692
10,loan_amnt,15000.0,1775.3188,-13224.682,-0.3390944
10,term,36.0,47.141373,11.141373,0.46422386
10,int_rate,14.65,26.705053,12.055054,0.46943358
10,installment,517.42,935.5012,418.08124,0.24379337
10,sub_grade,11.0,26.960743,15.960743,0.4694336
10,emp_length,2.0,4.3639812,2.3639812,0.23639812
10,home_ownership,1.0,-1.3749999,-2.375,-0.47499996
10,annual_inc,34000.0,1.7017555e+06,1.6677555e+06,0.15162562
10,verification_status,1.0,0.13414538,-0.8658546,-0.4329273
10,purpose,0.0,2.1077778,2.1077778,0.16213676
10,dti,23.36,303.39645,280.03644,0.28003645
10,open_acc,6.0,-2.3046956,-8.304695,-0.09331119
10,pub_rec,0.0,1.8592875,1.8592875,0.021619622
10,revol_bal,8530.0,527390.44,518860.44,0.17861953
10,revol_util,58.3,-74.18728,-132.48727,-0.1484784
10,total_acc,10.0,92.65,82.65,0.47500002
10,initial_list_status,1.0,1.3565736,0.35657358,0.35657358
10,application_type,0.0,0.38545078,0.38545078,0.38545078
10,mort_acc,0.0,18.984869,18.984869,0.37225235
10,pub_rec_bankruptcies,0.0,0.44891047,0.44891047,0.037409205
10,fico_score,682.0,755.33307,73.33307,0.39532655
10,month_of_year,3.0,6.4674354,3.4674354,0.3152214
10,ratio_loan_amnt_annual_inc,0.44117647,-16.98416,-17.425337,-0.056101114
10,ratio_open_acc_total_acc,0.6,1.0464442,0.44644415,0.45760524
10,month_since_earliest_cr_line,58.0,30.300238,-27.699762,-0.028764032
10,ratio_pub_rec_month_since_earliest_cr_line,0.0,-0.0063204076,-0.0063204076,-0.012744429
10,ratio_pub_rec_bankruptcies_month_since_earliest_cr_line,0.0,-0.009315881,-0.009315881,-0.10247469
10,ratio_pub_rec_bankruptcies_pub_rec,-1.0,-1.3343105,-0.33431053,-0.16715527
11,loan_amnt,9000.0,2322.3438,-6677.6562,-0.17122196
11,term,36.0,26.31,-9.690001,-0.40375003
11,int_rate,7.62,2.5754144,-5.044585,-0.19644025
11,installment,280.46,684.0111,403.55112,0.23532051
11,sub_grade,2.0,17.279333,15.279333,0.44939214
11,emp_length,5.0,4.824428,-0.17557192,-0.017557204
11,home_ownership,0.0,2.301071,2.301071,0.4602142
11,annual_inc,65000.0,-223301.81,-288301.8,-0.02621124
11,verification_status,0.0,-0.40652773,-0.40652773,-0.20326386
11,purpose,0.0,5.976001,5.976001,0.45969236
11,dti,23.06,-56.589375,-79.649376,-0.079649374
11,open_acc,5.0,33.965656,28.965656,0.32545683
11,pub_rec,0.0,-37.11655,-37.11655,-0.4315878
11,revol_bal,5826.0,1.0852502e+06,1.0794242e+06,0.3715956
11,revol_util,67.7,403.4484,335.7484,0.376273
11,total_acc,9.0,40.30441,31.304409,0.17991039
11,initial_list_status,1.0,0.525,-0.47500002,-0.47500002
11,application_type,0.0,0.32231283,0.32231283,0.32231283
11,mort_acc,0.0,-8.185678,-8.185678,-0.16050348
11,pub_rec_bankruptcies,0.0,5.511167,5.511167,0.45926392
11,fico_score,737.0,648.8875,-88.11249,-0.47499993
11,month_of_year,4.0,6.503642,2.503642,0.2276038
11,ratio_loan_amnt_annual_inc,0.13846155,23.89066,23.752197,0.07647053
11,ratio_open_acc_total_acc,0.5555556,1.0042095,0.44865394,0.45987028
11,month_since_earliest_cr_line,122.0,-156.25037,-278.25037,-0.2889412
11,ratio_pub_rec_month_since_earliest_cr_line,0.0,0.06750722,0.06750722,0.13612112
11,ratio_pub_rec_bankruptcies_month_since_earliest_cr_line,0.0,-0.024512928,-0.024512928,-0.2696422
11,ratio_pub_rec_bankruptcies_pub_rec,-1.0,-1.6175615,-0.61756146,-0.30878073
12,loan_amnt,20000.0,10125.621,-9874.379,-0.2531892
12,term,60.0,66.40144,6.4014435,0.26672685
12,int_rate,22.45,30.0379,7.5879,0.29547894
12,installment,557.51,628.01886,70.50885,0.041115403
12,sub_grade,25.0,9.228516,-15.771484,-0.4638672
12,emp_length,3.0,-0.82221425,-3.8222141,-0.38222143
12,home_ownership,1.0,3.375,2.375,0.47500002
12,annual_inc,53000.0,-465619.28,-518619.28,-0.047150776
12,verification_status,2.0,2.096189,0.09618902,0.04809451
12,purpose,0.0,-1.5853279,-1.5853279,-0.121948294
12,dti,14.6,244.9203,230.3203,0.2303203
12,open_acc,11.0,52.779594,41.779594,0.46943364
12,pub_rec,0.0,35.154392,35.154392,0.408772
12,revol_bal,17562.0,961451.4,943889.4,0.32493722
12,revol_util,41.8,-333.0614,-374.8614,-0.42010692
12,total_acc,18.0,98.907394,80.907394,0.46498504
12,initial_list_status,1.0,0.572042,-0.427958,-0.427958
12,application_type,0.0,-0.090128995,-0.090128995,-0.090128995
12,mort_acc,0.0,-11.866584,-11.866584,-0.23267812
12,pub_rec_bankruptcies,0.0,3.7408948,3.7408948,0.31174123
12,fico_score,667.0,631.00964,-35.990356,-0.1940181
12,month_of_year,4.0,-0.17938057,-4.1793804,-0.3799437
12,ratio_loan_amnt_annual_inc,0.3773585,109.781395,109.40404,0.35222784
12,ratio_open_acc_total_acc,0.6111111,1.0636646,0.45255345,0.46386725
12,month_since_earliest_cr_line,174.0,625.3895,451.38953,0.4687326
12,ratio_pub_rec_month_since_earliest_cr_line,0.0,0.015630828,0.015630828,0.0315179
12,ratio_pub_rec_bankruptcies_month_since_earliest_cr_line,0.0,0.02850891,0.02850891,0.313598
12,ratio_pub_rec_bankruptcies_pub_rec,-1.0,-1.5548,-0.55480003,-0.27740002
13,loan_amnt,1500.0,15709.875,14209.875,0.36435577
13,term,36.0,34.021103,-1.9788971,-0.08245405
13,int_rate,8.9,-1.469008,-10.369007,-0.40377754
13,installment,47.63,862.2075,814.5775,0.475
13,sub_grade,4.0,0.5940885,-3.4059114,-0.10017387
13,emp_length,10.0,9.85651,-0.14348984,-0.014348984
13,home_ownership,0.0,-0.7126486,-0.7126486,-0.14252971
13,annual_inc,54500.0,827540.7,773040.7,0.070281744
13,verification_status,1.0,0.17530331,-0.82469666,-0.41234833
13,purpose,7.0,10.878252,3.878252,0.29832703
13,dti,20.98,6.101668,-14.878332,-0.014878331
13,open_acc,11.0,24.360998,13.360998,0.15012357
13,pub_rec,0.0,-0.11338495,-0.11338495,-0.0013184296
13,revol_bal,7002.0,633197.25,626195.25,0.21556993
13,revol_util,32.9,-377.28348,-410.18347,-0.45969236
13,total_acc,28.0,-34.580906,-62.580906,-0.3596604
13,initial_list_status,1.0,1.3356088,0.33560884,0.33560884
13,application_type,0.0,-0.3487817,-0.3487817,-0.3487817
13,mort_acc,3.0,11.985011,8.985011,0.1761767
13,pub_rec_bankruptcies,0.0,0.82180274,0.82180274,0.06848356
13,fico_score,702.0,697.93646,-4.0635376,-0.02190587
13,month_of_year,4.0,5.7618093,1.7618093,0.16016448
13,ratio_loan_amnt_annual_inc,0.027522936,-6.5030093,-6.5305324,-0.02102514
13,ratio_open_acc_total_acc,0.39285713,0.61964035,0.22678322,0.23245284
13,month_since_earliest_cr_line,352.0,122.73447,-229.26553,-0.23807427
13,ratio_pub_rec_month_since_earliest_cr_line,0.0,-0.07386389,-0.07386389,-0.14893866
13,ratio_pub_rec_bankruptcies_month_since_earliest_cr_line,0.0,-0.007959557,-0.007959557,-0.087555125
13,ratio_pub_rec_bankruptcies_pub_rec,-1.0,-1.0672528,-0.067252755,-0.033626378
14,loan_amnt,30000.0,46448.703,16448.703,0.42176163
14,term,60.0,63.15668,3.156681,0.13152838
14,int_rate,14.65,23.561544,8.911545,0.3470228
14,installment,708.2,1448.3947,740.19464,0.43162552
14,sub_grade,11.0,-0.6111631,-11.611163,-0.3415048
14,emp_length,10.0,6.841953,-3.1580472,-0.31580472
14,home_ownership,0.0,-2.298462,-2.298462,-0.4596924
14,annual_inc,93000.0,-350076.97,-443076.97,-0.040282775
14,verification_status,2.0,2.6737597,0.6737597,0.33687985
14,purpose,5.0,1.2086259,-3.7913742,-0.29164416
14,dti,18.67,6.9413166,-11.728683,-0.0117286835
14,open_acc,13.0,-24.221777,-37.22178,-0.41822222
14,pub_rec,0.0,-7.604867,-7.604867,-0.08842868
14,revol_bal,16182.0,103993.49,87811.49,0.030229416
14,revol_util,32.1,308.03226,275.93225,0.3092371
14,total_acc,26.0,106.01234,80.01234,0.459841
14,initial_list_status,1.0,1.475,0.47500002,0.47500002
14,application_type,0.0,-0.033338033,-0.033338033,-0.033338033
14,mort_acc,3.0,13.001258,10.001258,0.1961031
14,pub_rec_bankruptcies,0.0,2.2527354,2.2527354,0.18772794
14,fico_score,742.0,689.2286,-52.771423,-0.28448206
14,month_of_year,4.0,-0.3759371,-4.375937,-0.3978125
14,ratio_loan_amnt_annual_inc,0.32258064,35.752735,35.430153,0.114067875
14,ratio_open_acc_total_acc,0.5,0.6155625,0.1155625,0.118451566
14,month_since_earliest_cr_line,167.0,-245.01248,-412.01248,-0.42784268
14,ratio_pub_rec_month_since_earliest_cr_line,0.0,-0.07808379,-0.07808379,-0.15744764
14,ratio_pub_rec_bankruptcies_month_since_earliest_cr_line,0.0,-0.015949242,-0.015949242,-0.17544165
14,ratio_pub_rec_bankruptcies_pub_rec,-1.0,-1.7228515,-0.7228515,-0.36142576
15,loan_amnt,13000.0,15807.379,2807.379,0.07198405
15,term,36.0,44.40955,8.40955,0.3503979
15,int_rate,18.25,23.577982,5.327982,0.20747596
15,installment,471.62,1227.3416,755.72156,0.44067964
15,sub_grade,17.0,22.468489,5.4684887,0.16083789
15,emp_length,4.0,0.82450163,-3.1754985,-0.31754982
15,home_ownership,1.0,0.92048466,-0.07951534,-0.01590307
15,annual_inc,45000.0,122084.29,77084.29,0.0070081935
15,verification_status,1.0,1.3603888,0.36038876,0.18019438
15,purpose,0.0,0.52503407,0.52503407,0.040387236
15,dti,24.61,42.574055,17.964054,0.017964054
15,open_acc,7.0,-5.988699,-12.988699,-0.14594044
15,pub_rec,0.0,35.44747,35.44747,0.41217992
15,revol_bal,8957.0,-384818.62,-393775.62,-0.13555865
15,revol_util,52.1,301.439,249.33899,0.27943403
15,total_acc,11.0,21.811844,10.811844,0.062137034
15,initial_list_status,1.0,0.68368506,-0.31631494,-0.31631494
15,application_type,0.0,0.24639681,0.24639681,0.24639681
15,mort_acc,0.0,6.6110168,6.6110168,0.12962778
15,pub_rec_bankruptcies,0.0,-5.156589,-5.156589,-0.42971575
15,fico_score,662.0,732.42896,70.428955,0.37967092
15,month_of_year,4.0,7.479421,3.4794211,0.316311
15,ratio_loan_amnt_annual_inc,0.2888889,-61.652718,-61.941605,-0.19942187
15,ratio_open_acc_total_acc,0.6363636,0.34805435,-0.28830928,-0.29551703
15,month_since_earliest_cr_line,82.0,312.71445,230.71445,0.23957884
15,ratio_pub_rec_month_since_earliest_cr_line,0.0,-0.14232287,-0.14232287,-0.2869789
15,ratio_pub_rec_bankruptcies_month_since_earliest_cr_line,0.0,-0.042110186,-0.042110186,-0.46321204
15,ratio_pub_rec_bankruptcies_pub_rec,-1.0,-0.31229788,0.6877021,0.34385106
16,loan_amnt,14000.0,10915.892,-3084.1084,-0.07907972
16,term,60.0,57.664474,-2.3355255,-0.09731358
16,int_rate,18.25,24.178774,5.928774,0.23087126
16,installment,357.42,1145.271,787.85095,0.4594151
16,sub_grade,17.0,31.662153,14.662153,0.43123978
16,emp_length,5.0,7.797142,2.797142,0.27971423
16,home_ownership,0.0,-0.65654725,-0.65654725,-0.13130945
16,annual_inc,59321.0,2.2962565e+06,2.2369355e+06,0.20337318
16,verification_status,2.0,1.192558,-0.80744195,-0.40372097
16,purpose,2.0,-3.2633262,-5.263326,-0.40487123
16,dti,9.69,92.96024,83.27024,0.08327024
16,open_acc,16.0,6.82738,-9.17262,-0.10306315
16,pub_rec,0.0,7.587252,7.587252,0.08822386
16,revol_bal,9311.0,1.389108e+06,1.379797e+06,0.47499996
16,revol_util,54.1,364.8143,310.7143,0.3482173
16,total_acc,18.0,-19.51105,-37.511047,-0.21558073
16,initial_list_status,1.0,0.5739846,-0.42601538,-0.42601538
16,application_type,0.0,-0.4683204,-0.4683204,-0.4683204
16,mort_acc,1.0,19.279394,18.279394,0.3584195
16,pub_rec_bankruptcies,0.0,-0.59882647,-0.59882647,-0.049902204
16,fico_score,697.0,735.365,38.36499,0.20681936
16,month_of_year,4.0,0.5899368,-3.4100633,-0.31000575
16,ratio_loan_amnt_annual_inc,0.23600411,-9.118173,-9.3541765,-0.030115902
16,ratio_open_acc_total_acc,0.8888889,1.2925452,0.4036563,0.41374767
16,month_since_earliest_cr_line,119.0,8.927612,-110.07239,-0.11430155
16,ratio_pub_rec_month_since_earliest_cr_line,0.0,0.043705065,0.043705065,0.08812661
16,ratio_pub_rec_bankruptcies_month_since_earliest_cr_line,0.0,-0.001738607,-0.001738607,-0.019124676
16,ratio_pub_rec_bankruptcies_pub_rec,-1.0,-0.2593,0.7407,0.37035
17,loan_amnt,2000.0,20525.0,18525.0,0.47500002
17,term,36.0,32.483994,-3.5160065,-0.14650027
17,int_rate,12.12,8.446913,-3.6730871,-0.14303298
17,installment,66.55,-426.44513,-492.99512,-0.28747746
17,sub_grade,7.0,23.15,16.15,0.47499996
17,emp_length,10.0,5.403075,-4.596925,-0.45969248
17,home_ownership,0.0,1.4827733,1.4827733,0.29655465
17,annual_inc,50000.0,2.6244972e+06,2.5744972e+06,0.23406292
17,verification_status,0.0,0.27255216,0.27255216,0.13627608
17,purpose,1.0,3.3296514,2.3296514,0.17920396
17,dti,17.78,225.79033,208.01033,0.20801032
17,open_acc,8.0,0.42539066,-7.5746093,-0.085107975
17,pub_rec,0.0,11.974049,11.974049,0.13923313
17,revol_bal,16894.0,556345.56,539451.56,0.18570809
17,revol_util,79.3,335.0227,255.7227,0.28658825
17,total_acc,16.0,94.07861,78.07861,0.44872767
17,initial_list_status,1.0,0.76188636,-0.23811364,-0.23811364
17,application_type,0.0,0.32538483,0.32538483,0.32538483
17,mort_acc,2.0,-0.8375654,-2.8375654,-0.055638537
17,pub_rec_bankruptcies,0.0,-2.202037,-2.202037,-0.18350309
17,fico_score,677.0,716.9052,39.905212,0.21512245
17,month_of_year,4.0,7.804472,3.804472,0.34586108
17,ratio_loan_amnt_annual_inc,0.04,10.588755,10.548755,0.033961862
17,ratio_open_acc_total_acc,0.5,0.95873713,0.45873713,0.47020558
17,month_since_earliest_cr_line,184.0,-273.42502,-457.42502,-0.47500002
17,ratio_pub_rec_month_since_earliest_cr_line,0.0,-0.0059742173,-0.0059742173,-0.0120463725
17,ratio_pub_rec_bankruptcies_month_since_earliest_cr_line,0.0,-0.024309633,-0.024309633,-0.26740596
17,ratio_pub_rec_bankruptcies_pub_rec,-1.0,-1.2351092,-0.23510921,-0.117554605
18,loan_amnt,15000.0,-736.4889,-15736.489,-0.40349972
18,term,36.0,44.078457,8.078457,0.33660236
18,int_rate,17.99,9.476812,-8.513187,-0.33151042
18,installment,542.22,1281.6274,739.4075,0.43116647
18,sub_grade,16.0,3.9873865,-12.012613,-0.35331216
18,emp_length,4.0,5.731554,1.731554,0.1731554
18,home_ownership,1.0,-0.9358639,-1.935864,-0.3871728
18,annual_inc,72000.0,-273266.44,-345266.44,-0.031390235
18,verification_status,1.0,0.16301334,-0.83698666,-0.41849333
18,purpose,0.0,4.1771326,4.1771326,0.32131788
18,dti,17.0,37.910336,20.910336,0.020910338
18,open_acc,9.0,-11.104303,-20.104303,-0.22589105
18,pub_rec,0.0,31.53098,31.53098,0.3666393
18,revol_bal,17918.0,1.3977151e+06,1.3797971e+06,0.475
18,revol_util,94.5,318.40317,223.90317,0.2509281
18,total_acc,16.0,94.31872,78.31872,0.45010757
18,initial_list_status,1.0,1.4127425,0.4127425,0.4127425
18,application_type,0.0,0.4683899,0.4683899,0.4683899
18,mort_acc,0.0,0.72494465,0.72494465,0.014214601
18,pub_rec_bankruptcies,0.0,5.7,5.7,0.475
18,fico_score,677.0,625.6069,-51.393127,-0.2770519
18,month_of_year,4.0,2.9672637,-1.0327363,-0.093885124
18,ratio_loan_amnt_annual_inc,0.20833333,-13.0427,-13.251033,-0.042661887
18,ratio_open_acc_total_acc,0.5625,0.7652727,0.20277268,0.20784199
18,month_since_earliest_cr_line,77.0,24.803778,-52.19622,-0.054201685
18,ratio_pub_rec_month_since_earliest_cr_line,0.0,0.100103214,0.100103214,0.20184746
18,ratio_pub_rec_bankruptcies_month_since_earliest_cr_line,0.0,0.01988842,0.01988842,0.2187726
18,ratio_pub_rec_bankruptcies_pub_rec,-1.0,-0.3753031,0.6246969,0.31234846
19,loan_amnt,20000.0,36672.55,16672.55,0.4275013
19,term,36.0,36.516476,0.5164757,0.02151982
19,int_rate,7.62,2.901863,-4.718137,-0.18372807
19,installment,623.23,769.5603,146.33032,0.08532879
19,sub_grade,2.0,14.702206,12.702206,0.37359428
19,emp_length,10.0,5.403075,-4.596925,-0.45969248
19,home_ownership,0.0,1.3922168,1.3922168,0.27844337
19,annual_inc,60000.0,593577.56,533577.56,0.048510723
19,verification_status,0.0,0.95,0.95,0.475
19,purpose,5.0,1.8586645,-3.1413355,-0.2416412
19,dti,10.42,15.678261,5.2582607,0.0052582603
19,open_acc,8.0,-22.004658,-30.004658,-0.337131
19,pub_rec,0.0,-33.57609,-33.57609,-0.39041966
19,revol_bal,82508.0,830761.0,748253.0,0.2575887
19,revol_util,32.3,409.7626,377.46262,0.4230221
19,total_acc,17.0,56.455997,39.455997,0.22675861
19,initial_list_status,1.0,1.4220128,0.4220128,0.4220128
19,application_type,0.0,-0.2914561,-0.2914561,-0.2914561
19,mort_acc,2.0,-4.0079484,-6.0079484,-0.11780292
19,pub_rec_bankruptcies,0.0,4.830996,4.830996,0.402583
19,fico_score,777.0,844.1687,67.1687,0.36209548
19,month_of_year,4.0,8.654657,4.6546574,0.42315066
19,ratio_loan_amnt_annual_inc,0.33333334,2.0192556,1.6859223,0.00542785
19,ratio_open_acc_total_acc,0.47058824,0.15587422,-0.314714,-0.3225819
19,month_since_earliest_cr_line,372.0,-25.380974,-397.38098,-0.41264898
19,ratio_pub_rec_month_since_earliest_cr_line,0.0,0.22599919,0.22599919,0.4557033
19,ratio_pub_rec_bankruptcies_month_since_earliest_cr_line,0.0,0.028764432,0.028764432,0.31640875
19,ratio_pub_rec_bankruptcies_pub_rec,-1.0,-1.9143746,-0.9143746,-0.4571873
20,loan_amnt,2200.0,-14536.347,-16736.348,-0.42913708
20,term,36.0,45.494663,9.494663,0.39561096
20,int_rate,10.74,22.938,12.198,0.47499996
20,installment,71.76,556.8149,485.05487,0.28284732
20,sub_grade,6.0,22.15,16.15,0.47500002
20,emp_length,0.0,4.594152,4.594152,0.4594152
20,home_ownership,1.0,1.204518,0.20451796,0.040903583
20,annual_inc,51500.0,919727.25,868227.25,0.07893573
20,verification_status,2.0,2.95,0.95000005,0.47500002
20,purpose,10.0,14.034464,4.034464,0.31034333
20,dti,6.06,381.55176,375.49176,0.37549177
20,open_acc,19.0,-20.203583,-39.203583,-0.4404897
20,pub_rec,1.0,-27.983969,-28.983969,-0.3370229
20,revol_bal,6204.0,582060.0,575856.0,0.19824044
20,revol_util,62.0,417.2991,355.2991,0.39818347
20,total_acc,30.0,54.976204,24.976204,0.1435414
20,initial_list_status,1.0,1.0885249,0.08852494,0.08852494
20,application_type,0.0,-0.1350158,-0.1350158,-0.1350158
20,mort_acc,1.0,20.08381,19.08381,0.37419236
20,pub_rec_bankruptcies,1.0,1.5525659,0.55256593,0.04604716
20,fico_score,687.0,770.74927,83.74927,0.45147854
20,month_of_year,5.0,7.7485614,2.7485614,0.2498692
20,ratio_loan_amnt_annual_inc,0.042718448,4.388107,4.3453884,0.013990037
20,ratio_open_acc_total_acc,0.6333333,0.6651637,0.03183037,0.032626152
20,month_since_earliest_cr_line,176.0,114.30898,-61.691017,-0.064061284
20,ratio_pub_rec_month_since_earliest_cr_line,0.0056818184,0.22942957,0.22374776,0.4511635
20,ratio_pub_rec_bankruptcies_month_since_earliest_cr_line,0.0056818184,0.03075662,0.025074802,0.27582282
20,ratio_pub_rec_bankruptcies_pub_rec,1.0,1.3358393,0.33583927,0.16791964
21,loan_amnt,15900.0,10927.834,-4972.166,-0.12749144
21,term,36.0,40.526634,4.526634,0.18860976
21,int_rate,13.11,15.952337,2.8423376,0.110682964
21,installment,536.58,194.93613,-341.6439,-0.1992209
21,sub_grade,8.0,23.357481,15.357481,0.4516906
21,emp_length,6.0,2.8532457,-3.1467543,-0.31467545
21,home_ownership,1.0,1.0054554,0.0054553747,0.0010910779
21,annual_inc,79000.0,-485196.56,-564196.56,-0.05129448
21,verification_status,0.0,0.22400539,0.22400539,0.11200269
21,purpose,0.0,2.5839322,2.5839322,0.19876401
21,dti,14.5,-23.960789,-38.46079,-0.03846079
21,open_acc,11.0,30.148197,19.148197,0.21514827
21,pub_rec,0.0,-20.870356,-20.870356,-0.24267855
21,revol_bal,45981.0,-197817.12,-243798.12,-0.08392836
21,revol_util,80.2,380.87,300.66998,0.33696067
21,total_acc,27.0,105.19251,78.19251,0.44938228
21,initial_list_status,1.0,1.4021571,0.40215707,0.40215707
21,application_type,0.0,-0.08564693,-0.08564693,-0.08564693
21,mort_acc,0.0,-3.2330136,-3.2330136,-0.06339242
21,pub_rec_bankruptcies,0.0,-5.6268735,-5.6268735,-0.46890613
21,fico_score,697.0,707.9253,10.925293,0.058896452
21,month_of_year,5.0,8.669443,3.6694431,0.3335857
21,ratio_loan_amnt_annual_inc,0.20126583,5.618563,5.4172974,0.017441064
21,ratio_open_acc_total_acc,0.4074074,0.42306718,0.01565978,0.016051263
21,month_since_earliest_cr_line,262.0,-148.1856,-410.1856,-0.42594558
21,ratio_pub_rec_month_since_earliest_cr_line,0.0,-0.034772884,-0.034772884,-0.07011581
21,ratio_pub_rec_bankruptcies_month_since_earliest_cr_line,0.0,-0.015955994,-0.015955994,-0.17551593
21,ratio_pub_rec_bankruptcies_pub_rec,-1.0,-1.5052845,-0.50528455,-0.25264227
22,loan_amnt,4000.0,2483.2915,-1516.7085,-0.038889963
22,term,36.0,24.720234,-11.279766,-0.46999025
22,int_rate,13.99,25.787752,11.797752,0.45941404
22,installment,136.7,402.10492,265.4049,0.15476409
22,sub_grade,10.0,25.620111,15.620111,0.45941505
22,emp_length,6.0,2.834566,-3.165434,-0.3165434
22,home_ownership,1.0,2.9928803,1.9928803,0.39857608
22,annual_inc,110000.0,527866.44,417866.44,0.037990734
22,verification_status,2.0,1.3260937,-0.6739063,-0.33695316
22,purpose,1.0,-5.175,-6.175,-0.47500002
22,dti,6.15,-207.43356,-213.58356,-0.21358356
22,open_acc,9.0,-4.0732403,-13.07324,-0.14689034
22,pub_rec,0.0,8.483996,8.483996,0.09865112
22,revol_bal,1007.0,938456.0,937449.0,0.3227201
22,revol_util,16.8,99.26106,82.46106,0.092414066
22,total_acc,24.0,12.086176,-11.913824,-0.068470255
22,initial_list_status,1.0,0.65550154,-0.34449846,-0.34449846
22,application_type,0.0,0.03133917,0.03133917,0.03133917
22,mort_acc,1.0,13.977403,12.977403,0.25445887
22,pub_rec_bankruptcies,0.0,-0.5342508,-0.5342508,-0.0445209
22,fico_score,667.0,743.1094,76.109375,0.41029313
22,month_of_year,5.0,8.693741,3.6937408,0.3357946
22,ratio_loan_amnt_annual_inc,0.036363635,-63.943645,-63.98001,-0.20598453
22,ratio_open_acc_total_acc,0.375,0.5196528,0.14465278,0.14826909
22,month_since_earliest_cr_line,218.0,-155.56157,-373.56158,-0.3879144
22,ratio_pub_rec_month_since_earliest_cr_line,0.0,-0.0419533,-0.0419533,-0.084594354
22,ratio_pub_rec_bankruptcies_month_since_earliest_cr_line,0.0,0.0040943944,0.0040943944,0.04503834
22,ratio_pub_rec_bankruptcies_pub_rec,-1.0,-0.08673817,0.91326183,0.45663092
23,loan_amnt,16000.0,13036.031,-2963.9688,-0.0759992
23,term,60.0,66.31665,6.3166504,0.26319373
23,int_rate,21.48,28.783989,7.3039894,0.2844233
23,installment,437.19,341.7292,-95.460815,-0.055665523
23,sub_grade,23.0,31.120745,8.120745,0.23884547
23,emp_length,0.0,4.7499995,4.7499995,0.47499996
23,home_ownership,1.0,2.1200373,1.1200373,0.22400747
23,annual_inc,52000.0,890308.75,838308.75,0.07621566
23,verification_status,2.0,1.8969109,-0.103089094,-0.051544547
23,purpose,0.0,-3.2506967,-3.2506967,-0.25005358
23,dti,18.44,118.12435,99.68435,0.09968435
23,open_acc,6.0,5.1231704,-0.8768296,-0.009852018
23,pub_rec,1.0,-25.554993,-26.554993,-0.308779
23,revol_bal,7509.0,786097.94,778588.94,0.26803198
23,revol_util,64.7,-340.34256,-405.04254,-0.4539309
23,total_acc,21.0,70.77707,49.77707,0.28607512
23,initial_list_status,1.0,0.9093716,-0.090628386,-0.090628386
23,application_type,0.0,-0.060075022,-0.060075022,-0.060075022
23,mort_acc,6.0,24.099415,18.099415,0.3548905
23,pub_rec_bankruptcies,1.0,-0.39195067,-1.3919506,-0.11599589
23,fico_score,662.0,743.60535,81.60535,0.439921
23,month_of_year,5.0,2.321775,-2.678225,-0.24347502
23,ratio_loan_amnt_annual_inc,0.30769232,-39.55516,-39.862854,-0.12833901
23,ratio_open_acc_total_acc,0.2857143,0.7354499,0.4497356,0.46097904
23,month_since_earliest_cr_line,228.0,-183.41441,-411.41443,-0.4272216
23,ratio_pub_rec_month_since_earliest_cr_line,0.004385965,0.010685609,0.006299644,0.012702561
23,ratio_pub_rec_bankruptcies_month_since_earliest_cr_line,0.004385965,-0.0069112345,-0.0112972,-0.12426919
23,ratio_pub_rec_bankruptcies_pub_rec,1.0,0.13752961,-0.8624704,-0.4312352
24,loan_amnt,20000.0,4035.7327,-15964.268,-0.4093402
24,term,60.0,58.532555,-1.4674454,-0.061143577
24,int_rate,10.74,22.477585,11.737585,0.45707107
24,installment,432.26,226.81322,-205.4468,-0.11980103
24,sub_grade,6.0,22.15,16.15,0.47500002
24,emp_length,10.0,14.296103,4.2961025,0.42961025
24,home_ownership,0.0,0.07493189,0.07493189,0.014986378
24,annual_inc,105000.0,-759616.8,-864616.8,-0.078607485
24,verification_status,2.0,2.9277344,0.9277344,0.4638672
24,purpose,0.0,-2.7532785,-2.7532785,-0.21179065
24,dti,16.45,110.48524,94.03523,0.09403524
24,open_acc,8.0,29.366116,21.366116,0.2400687
24,pub_rec,0.0,-35.88736,-35.88736,-0.4172949
24,revol_bal,7929.0,193457.0,185528.0,0.063868664
24,revol_util,35.7,-349.78293,-385.48294,-0.43201044
24,total_acc,20.0,-31.524391,-51.52439,-0.2961172
24,initial_list_status,1.0,0.82744336,-0.17255664,-0.17255664
24,application_type,0.0,0.27906606,0.27906606,0.27906606
24,mort_acc,6.0,15.62533,9.62533,0.18873197
24,pub_rec_bankruptcies,0.0,3.1498833,3.1498833,0.26249027
24,fico_score,762.0,807.92053,45.920532,0.24755007
24,month_of_year,5.0,8.980756,3.9807558,0.3618869
24,ratio_loan_amnt_annual_inc,0.1904762,32.19733,32.006855,0.10304651
24,ratio_open_acc_total_acc,0.4,0.43391886,0.033918858,0.034766823
24,month_since_earliest_cr_line,150.0,234.81363,84.81363,0.08807231
24,ratio_pub_rec_month_since_earliest_cr_line,0.0,0.22950879,0.22950879,0.46278
24,ratio_pub_rec_bankruptcies_month_since_earliest_cr_line,0.0,-0.01730888,-0.01730888,-0.19039766
24,ratio_pub_rec_bankruptcies_pub_rec,-1.0,-1.342795,-0.342795,-0.1713975
25,loan_amnt,8000.0,12068.214,4068.2139,0.10431318
25,term,36.0,41.82478,5.8247795,0.24269915
25,int_rate,12.12,7.3305745,-4.7894254,-0.1865041
25,installment,266.18,1072.0239,805.84393,0.46990722
25,sub_grade,7.0,-9.150001,-16.150002,-0.47500002
25,emp_length,4.0,6.645342,2.6453419,0.2645342
25,home_ownership,1.0,0.43563163,-0.56436837,-0.11287367
25,annual_inc,24000.0,-305953.72,-329953.72,-0.029998064
25,verification_status,0.0,-0.72017586,-0.72017586,-0.36008793
25,purpose,0.0,1.7894292,1.7894292,0.1376484
25,dti,31.7,-21.746525,-53.446526,-0.053446528
25,open_acc,7.0,12.187791,5.187791,0.05828978
25,pub_rec,0.0,-33.5761,-33.5761,-0.39041975
25,revol_bal,5908.0,679817.0,673909.0,0.23199555
25,revol_util,46.2,193.66583,147.46584,0.16526486
25,total_acc,10.0,34.385765,24.385765,0.14014807
25,initial_list_status,1.0,1.4107995,0.4107995,0.4107995
25,application_type,0.0,-0.475,-0.475,-0.475
25,mort_acc,0.0,-3.7016625,-3.7016625,-0.07258162
25,pub_rec_bankruptcies,0.0,5.0959444,5.0959444,0.42466202
25,fico_score,692.0,734.9235,42.923523,0.23139364
25,month_of_year,5.0,9.103788,4.1037884,0.37307164
25,ratio_loan_amnt_annual_inc,0.33333334,-16.198416,-16.53175,-0.053224195
25,ratio_open_acc_total_acc,0.7,0.54316175,-0.15683824,-0.16075921
25,month_since_earliest_cr_line,71.0,206.3281,135.3281,0.14052762
25,ratio_pub_rec_month_since_earliest_cr_line,0.0,-0.06599219,-0.06599219,-0.13306622
25,ratio_pub_rec_bankruptcies_month_since_earliest_cr_line,0.0,-0.00023732914,-0.00023732914,-0.0026106203
25,ratio_pub_rec_bankruptcies_pub_rec,-1.0,-1.7972031,-0.79720306,-0.39860153
26,loan_amnt,10000.0,-3623.9663,-13623.967,-0.34933248
26,term,36.0,24.96337,-11.036631,-0.4598596
26,int_rate,9.76,7.6860666,-2.0739336,-0.08076066
26,installment,321.55,764.6876,443.13763,0.25840437
26,sub_grade,5.0,10.455749,5.4557486,0.1604632
26,emp_length,10.0,12.269931,2.2699308,0.22699308
26,home_ownership,1.0,-1.2785165,-2.2785165,-0.45570332
26,annual_inc,54000.0,182390.66,128390.66,0.011672761
26,verification_status,1.0,1.3390336,0.3390336,0.1695168
26,purpose,4.0,8.2055855,4.2055855,0.32350656
26,dti,7.51,13.281886,5.771886,0.0057718856
26,open_acc,10.0,-30.80275,-40.80275,-0.45845786
26,pub_rec,0.0,16.69637,16.69637,0.19414383
26,revol_bal,8518.0,1.388315e+06,1.379797e+06,0.47499996
26,revol_util,33.4,-305.3493,-338.7493,-0.3796361
26,total_acc,22.0,98.1039,76.1039,0.43737873
26,initial_list_status,1.0,1.2813761,0.28137612,0.28137612
26,application_type,0.0,-0.26453102,-0.26453102,-0.26453102
26,mort_acc,0.0,7.4014707,7.4014707,0.14512688
26,pub_rec_bankruptcies,0.0,0.9790376,0.9790376,0.081586465
26,fico_score,712.0,767.5145,55.514526,0.2992697
26,month_of_year,5.0,-0.102538854,-5.102539,-0.4638672
26,ratio_loan_amnt_annual_inc,0.18518518,-101.47968,-101.66487,-0.32731146
26,ratio_open_acc_total_acc,0.45454547,0.27068153,-0.18386394,-0.18846053
26,month_since_earliest_cr_line,152.0,193.83627,41.836273,0.043443695
26,ratio_pub_rec_month_since_earliest_cr_line,0.0,-0.069934376,-0.069934376,-0.14101522
26,ratio_pub_rec_bankruptcies_month_since_earliest_cr_line,0.0,-0.027193721,-0.027193721,-0.29913092
26,ratio_pub_rec_bankruptcies_pub_rec,-1.0,-1.1824055,-0.18240547,-0.091202736
27,loan_amnt,20000.0,5353.0137,-14646.986,-0.37556374
27,term,60.0,61.273895,1.2738953,0.05307901
27,int_rate,12.12,22.200314,10.080314,0.39253563
27,installment,446.11,479.3557,33.245728,0.01938641
27,sub_grade,7.0,17.976927,10.976927,0.32285076
27,emp_length,10.0,11.731953,1.7319527,0.17319524
27,home_ownership,0.0,1.3367767,1.3367767,0.26735535
27,annual_inc,84000.0,341798.25,257798.25,0.02343798
27,verification_status,2.0,1.2256935,-0.77430654,-0.38715327
27,purpose,0.0,4.862816,4.862816,0.37406275
27,dti,19.33,32.974533,13.644533,0.013644531
27,open_acc,8.0,25.189928,17.189928,0.19314525
27,pub_rec,0.0,-18.970663,-18.970663,-0.2205891
27,revol_bal,19276.0,555206.94,535930.94,0.1844961
27,revol_util,54.5,90.06369,35.56369,0.039856207
27,total_acc,26.0,2.3197958,-23.680204,-0.13609312
27,initial_list_status,1.0,1.3924383,0.3924383,0.3924383
27,application_type,0.0,-0.06045306,-0.06045306,-0.06045306
27,mort_acc,3.0,6.3993344,3.3993344,0.066653624
27,pub_rec_bankruptcies,0.0,-3.837485,-3.837485,-0.31979042
27,fico_score,747.0,723.30505,-23.694946,-0.12773556
27,month_of_year,5.0,6.0471945,1.0471945,0.095199496
27,ratio_loan_amnt_annual_inc,0.23809524,-11.647309,-11.885405,-0.038265225
27,ratio_open_acc_total_acc,0.30769232,0.4780804,0.17038807,0.17464778
27,month_since_earliest_cr_line,214.0,25.426762,-188.57324,-0.19581851
27,ratio_pub_rec_month_since_earliest_cr_line,0.0,0.048983023,0.048983023,0.09876905
27,ratio_pub_rec_bankruptcies_month_since_earliest_cr_line,0.0,0.0132174445,0.0132174445,0.14539188
27,ratio_pub_rec_bankruptcies_pub_rec,-1.0,-0.67263734,0.32736266,0.16368133
28,loan_amnt,20000.0,15569.693,-4430.3066,-0.1135976
28,term,60.0,53.64569,-6.354309,-0.26476288
28,int_rate,6.0,15.452629,9.452629,0.36809307
28,installment,386.66,358.19104,-28.468964,-0.016600952
28,sub_grade,10.0,16.428421,6.428421,0.18907121
28,emp_length,9.0,13.107023,4.1070232,0.41070235
28,home_ownership,0.0,2.1575146,2.1575146,0.4315029
28,annual_inc,70000.0,862267.8,792267.8,0.0720298
28,verification_status,2.0,1.9797494,-0.020250559,-0.010125279
28,purpose,5.0,10.557407,5.5574074,0.4274929
28,dti,13.82,88.58912,74.76912,0.07476912
28,open_acc,14.0,31.594143,17.594143,0.197687
28,pub_rec,0.0,-10.556489,-10.556489,-0.12274987
28,revol_bal,10876.0,1.2964302e+06,1.2855542e+06,0.44255656
28,revol_util,47.7,113.229774,65.52977,0.073439166
28,total_acc,22.0,6.387698,-15.612302,-0.089725874
28,initial_list_status,1.0,0.9217191,-0.078280926,-0.078280926
28,application_type,0.0,-0.38635352,-0.38635352,-0.38635352
28,mort_acc,1.0,-3.8171334,-4.8171334,-0.094453596
28,pub_rec_bankruptcies,0.0,5.633203,5.633203,0.46943358
28,fico_score,712.0,791.4624,79.4624,0.42836878
28,month_of_year,5.0,3.6094737,-1.3905263,-0.1264115
28,ratio_loan_amnt_annual_inc,0.2857143,-11.23469,-11.520404,-0.0370901
28,ratio_open_acc_total_acc,0.6363636,0.31746042,-0.3189032,-0.3268758
28,month_since_earliest_cr_line,172.0,61.57406,-110.42594,-0.11466868
28,ratio_pub_rec_month_since_earliest_cr_line,0.0,-0.22783954,-0.22783954,-0.45941415
28,ratio_pub_rec_bankruptcies_month_since_earliest_cr_line,0.0,-0.004853697,-0.004853697,-0.053390667
28,ratio_pub_rec_bankruptcies_pub_rec,-1.0,-0.050000012,0.95,0.475
29,loan_amnt,12000.0,16276.762,4276.7617,0.109660536
29,term,36.0,37.101265,1.101265,0.04588604
29,int_rate,13.11,20.251297,7.1412973,0.2780879
29,installment,404.97,147.55081,-257.4192,-0.1501074
29,sub_grade,8.0,15.316955,7.3169546,0.21520455
29,emp_length,10.0,13.015991,3.0159912,0.30159914
29,home_ownership,1.0,2.1261241,1.1261241,0.22522484
29,annual_inc,45000.0,989525.7,944525.7,0.08587248
29,verification_status,0.0,-0.6195239,-0.6195239,-0.30976194
29,purpose,0.0,-3.5018227,-3.5018227,-0.26937097
29,dti,14.37,71.02591,56.65591,0.05665591
29,open_acc,8.0,27.9348,19.9348,0.2239865
29,pub_rec,0.0,5.5282736,5.5282736,0.06428225
29,revol_bal,14698.0,1.3944951e+06,1.3797971e+06,0.475
29,revol_util,75.0,463.6189,388.6189,0.43552494
29,total_acc,11.0,-27.333593,-38.333595,-0.220308
29,initial_list_status,1.0,1.3133038,0.31330383,0.31330383
29,application_type,0.0,0.475,0.475,0.475
29,mort_acc,0.0,-7.198162,-7.198162,-0.14114043
29,pub_rec_bankruptcies,0.0,5.41088,5.41088,0.45090666
29,fico_score,682.0,754.45593,72.45593,0.390598
29,month_of_year,5.0,10.039843,5.0398426,0.45816752
29,ratio_loan_amnt_annual_inc,0.26666668,-15.792934,-16.0596,-0.051704112
29,ratio_open_acc_total_acc,0.72727275,1.0830795,0.3558067,0.36470187
29,month_since_earliest_cr_line,138.0,-19.800152,-157.80016,-0.1638631
29,ratio_pub_rec_month_since_earliest_cr_line,0.0,-0.07582376,-0.07582376,-0.15289053
29,ratio_pub_rec_bankruptcies_month_since_earliest_cr_line,0.0,0.0028437711,0.0028437711,0.031281482
29,ratio_pub_rec_bankruptcies_pub_rec,-1.0,-0.122923136,0.87707686,0.43853843
30,loan_amnt,3900.0,3719.7537,-180.24634,-0.004621707
30,term,36.0,35.647923,-0.35207748,-0.014669895
30,int_rate,15.31,7.132025,-8.177976,-0.31845695
30,installment,135.79,-481.00934,-616.7993,-0.35967073
30,sub_grade,12.0,2.3040013,-9.695999,-0.28517646
30,emp_length,9.0,9.651047,0.65104675,0.06510472
30,home_ownership,1.0,-1.2273312,-2.2273312,-0.44546622
30,annual_inc,35000.0,-419343.56,-454343.56,-0.041307088
30,verification_status,1.0,0.74644214,-0.25355786,-0.12677893
30,purpose,4.0,6.4690313,2.4690313,0.18992546
30,dti,12.06,291.52222,279.46222,0.27946222
30,open_acc,8.0,14.744985,6.7449846,0.075786345
30,pub_rec,0.0,-2.7098372,-2.7098372,-0.031509735
30,revol_bal,5502.0,-1.3742951e+06,-1.3797971e+06,-0.47500002
30,revol_util,86.0,423.84497,337.84497,0.37862262
30,total_acc,13.0,44.0522,31.0522,0.17846093
30,initial_list_status,1.0,0.58567166,-0.41432834,-0.41432834
30,application_type,0.0,-0.40300807,-0.40300807,-0.40300807
30,mort_acc,0.0,22.20044,22.20044,0.43530273
30,pub_rec_bankruptcies,0.0,-1.8969684,-1.8969684,-0.1580807
30,fico_score,687.0,726.8226,39.82257,0.21467693
30,month_of_year,5.0,-0.1515233,-5.151523,-0.4683203
30,ratio_loan_amnt_annual_inc,0.111428574,-59.27597,-59.387398,-0.19119856
30,ratio_open_acc_total_acc,0.61538464,0.52946496,-0.08591968,-0.08806771
30,month_since_earliest_cr_line,163.0,441.88373,278.88373,0.28959888
30,ratio_pub_rec_month_since_earliest_cr_line,0.0,-0.09105862,-0.09105862,-0.18361
30,ratio_pub_rec_bankruptcies_month_since_earliest_cr_line,0.0,-0.030019492,-0.030019492,-0.3302144
30,ratio_pub_rec_bankruptcies_pub_rec,-1.0,-1.0030308,-0.003030777,-0.0015153885
31,loan_amnt,24000.0,13453.608,-10546.392,-0.2704203
31,term,36.0,46.94897,10.948971,0.45620713
31,int_rate,13.11,24.119286,11.009286,0.42871052
31,installment,809.93,217.72263,-592.2074,-0.34533057
31,sub_grade,8.0,13.391368,5.391368,0.15856965
31,emp_length,2.0,4.1606326,2.1606326,0.21606325
31,home_ownership,1.0,3.375,2.375,0.47500002
31,annual_inc,65000.0,2.5424828e+06,2.4774828e+06,0.22524276
31,verification_status,0.0,0.95,0.95,0.475
31,purpose,0.0,3.603692,3.603692,0.27720708
31,dti,19.33,153.70535,134.37535,0.13437535
31,open_acc,19.0,35.97144,16.97144,0.19069032
31,pub_rec,0.0,35.065598,35.065598,0.40773952
31,revol_bal,16140.0,596112.25,579972.25,0.19965748
31,revol_util,84.5,-238.8067,-323.3067,-0.3623296
31,total_acc,41.0,-23.16386,-64.163864,-0.3687578
31,initial_list_status,1.0,1.0337486,0.033748627,0.033748627
31,application_type,0.0,-0.4544419,-0.4544419,-0.4544419
31,mort_acc,0.0,15.220781,15.220781,0.29844669
31,pub_rec_bankruptcies,0.0,-0.97784054,-0.97784054,-0.08148671
31,fico_score,712.0,658.30524,-53.694763,-0.28945965
31,month_of_year,5.0,3.1720114,-1.8279886,-0.16618079
31,ratio_loan_amnt_annual_inc,0.36923078,-45.11705,-45.486282,-0.14644371
31,ratio_open_acc_total_acc,0.46341464,0.3765104,-0.08690423,-0.08907682
31,month_since_earliest_cr_line,318.0,-75.718025,-393.71802,-0.4088453
31,ratio_pub_rec_month_since_earliest_cr_line,0.0,-0.026838474,-0.026838474,-0.054116923
31,ratio_pub_rec_bankruptcies_month_since_earliest_cr_line,0.0,0.022512043,0.022512043,0.24763246
31,ratio_pub_rec_bankruptcies_pub_rec,-1.0,-1.4228234,-0.42282343,-0.21141171
